team_code,date,start_h_et,end_h_et,log_mins,opponent,tm,opp,w,l,streak
ATL,2021-05-23,19:00,21:20,140.0,New York Knicks,107,105,1,0,W 1
ATL,2021-05-26,19:30,21:56,146.0,New York Knicks,92,101,1,1,L 1
ATL,2021-05-28,19:00,21:22,142.0,New York Knicks,105,94,2,1,W 1
ATL,2021-05-30,13:00,15:19,139.0,New York Knicks,113,96,3,1,W 2
ATL,2021-06-02,19:30,21:52,142.0,New York Knicks,103,89,4,1,W 3
ATL,2021-06-06,13:00,15:30,150.0,Philadelphia 76ers,128,124,5,1,W 4
ATL,2021-06-08,19:30,21:57,147.0,Philadelphia 76ers,102,118,5,2,L 1
ATL,2021-06-11,19:30,22:03,153.0,Philadelphia 76ers,111,127,5,3,L 2
ATL,2021-06-14,19:30,22:03,153.0,Philadelphia 76ers,103,100,6,3,W 1
ATL,2021-06-16,19:30,22:10,160.0,Philadelphia 76ers,109,106,7,3,W 2
ATL,2021-06-18,19:30,22:06,156.0,Philadelphia 76ers,99,104,7,4,L 1
ATL,2021-06-20,20:00,22:35,155.0,Philadelphia 76ers,103,96,8,4,W 1
ATL,2021-06-23,20:30,22:49,139.0,Milwaukee Bucks,116,113,9,4,W 2
ATL,2021-06-25,20:30,22:48,138.0,Milwaukee Bucks,91,125,9,5,L 1
ATL,2021-06-27,20:30,22:54,144.0,Milwaukee Bucks,102,113,9,6,L 2
ATL,2021-06-29,20:30,22:50,140.0,Milwaukee Bucks,110,88,10,6,W 1
ATL,2021-07-01,20:30,22:54,144.0,Milwaukee Bucks,112,123,10,7,L 1
ATL,2021-07-03,20:30,22:53,143.0,Milwaukee Bucks,107,118,10,8,L 2
ATL,2022-04-17,13:00,15:16,136.0,Miami Heat,91,115,0,1,L 1
ATL,2022-04-19,19:30,22:00,150.0,Miami Heat,105,115,0,2,L 2
ATL,2022-04-22,19:45,22:09,144.0,Miami Heat,111,110,1,2,W 1
ATL,2022-04-24,19:00,21:21,141.0,Miami Heat,86,110,1,3,L 1
ATL,2022-04-26,19:00,21:45,165.0,Miami Heat,94,97,1,4,L 2
ATL,2023-04-15,15:30,17:44,134.0,Boston Celtics,99,112,0,1,L 1
ATL,2023-04-18,19:00,21:03,123.0,Boston Celtics,106,119,0,2,L 2
ATL,2023-04-21,19:00,21:19,139.0,Boston Celtics,130,122,1,2,W 1
ATL,2023-04-23,19:00,21:28,148.0,Boston Celtics,121,129,1,3,L 1
ATL,2023-04-25,19:30,21:48,138.0,Boston Celtics,119,117,2,3,W 1
ATL,2023-04-27,20:30,22:54,144.0,Boston Celtics,120,128,2,4,L 1
BOS,2018-04-15,13:00,15:50,170.0,Milwaukee Bucks,113,107,1,0,W 1
BOS,2018-04-17,20:00,22:16,136.0,Milwaukee Bucks,120,106,2,0,W 2
BOS,2018-04-20,21:30,23:43,133.0,Milwaukee Bucks,92,116,2,1,L 1
BOS,2018-04-22,13:00,15:25,145.0,Milwaukee Bucks,102,104,2,2,L 2
BOS,2018-04-24,19:00,21:32,152.0,Milwaukee Bucks,92,87,3,2,W 1
BOS,2018-04-26,20:00,22:20,140.0,Milwaukee Bucks,86,97,3,3,L 1
BOS,2018-04-28,20:00,22:22,142.0,Milwaukee Bucks,112,96,4,3,W 1
BOS,2018-04-30,20:00,22:22,142.0,Philadelphia 76ers,117,101,5,3,W 2
BOS,2018-05-03,20:30,22:53,143.0,Philadelphia 76ers,108,103,6,3,W 3
BOS,2018-05-05,17:00,19:43,163.0,Philadelphia 76ers,101,98,7,3,W 4
BOS,2018-05-07,18:00,20:27,147.0,Philadelphia 76ers,92,103,7,4,L 1
BOS,2018-05-09,20:00,22:39,159.0,Philadelphia 76ers,114,112,8,4,W 1
BOS,2018-05-13,15:30,17:38,128.0,Cleveland Cavaliers,108,83,9,4,W 2
BOS,2018-05-15,20:30,22:51,141.0,Cleveland Cavaliers,107,94,10,4,W 3
BOS,2018-05-19,20:30,22:47,137.0,Cleveland Cavaliers,86,116,10,5,L 1
BOS,2018-05-21,20:30,23:00,150.0,Cleveland Cavaliers,102,111,10,6,L 2
BOS,2018-05-23,20:30,22:51,141.0,Cleveland Cavaliers,96,83,11,6,W 1
BOS,2018-05-25,20:30,22:50,140.0,Cleveland Cavaliers,99,109,11,7,L 1
BOS,2018-05-27,20:30,22:48,138.0,Cleveland Cavaliers,79,87,11,8,L 2
BOS,2019-04-14,13:00,15:18,138.0,Indiana Pacers,84,74,1,0,W 1
BOS,2019-04-17,19:00,21:12,132.0,Indiana Pacers,99,91,2,0,W 2
BOS,2019-04-19,20:30,22:45,135.0,Indiana Pacers,104,96,3,0,W 3
BOS,2019-04-21,13:00,15:25,145.0,Indiana Pacers,110,106,4,0,W 4
BOS,2019-04-28,13:00,15:05,125.0,Milwaukee Bucks,112,90,5,0,W 5
BOS,2019-04-30,20:00,22:21,141.0,Milwaukee Bucks,102,123,5,1,L 1
BOS,2019-05-03,20:00,22:33,153.0,Milwaukee Bucks,116,123,5,2,L 2
BOS,2019-05-06,19:00,21:22,142.0,Milwaukee Bucks,101,113,5,3,L 3
BOS,2019-05-08,20:00,22:24,144.0,Milwaukee Bucks,91,116,5,4,L 4
BOS,2020-08-17,18:30,20:55,145.0,Philadelphia 76ers,109,101,1,0,W 1
BOS,2020-08-19,18:30,20:51,141.0,Philadelphia 76ers,128,101,2,0,W 2
BOS,2020-08-21,18:30,20:59,149.0,Philadelphia 76ers,102,94,3,0,W 3
BOS,2020-08-23,13:00,15:37,157.0,Philadelphia 76ers,110,106,4,0,W 4
BOS,2020-08-30,13:00,15:24,144.0,Toronto Raptors,112,94,5,0,W 5
BOS,2020-09-01,17:30,19:56,146.0,Toronto Raptors,102,99,6,0,W 6
BOS,2020-09-03,18:30,20:54,144.0,Toronto Raptors,103,104,6,1,L 1
BOS,2020-09-05,18:30,20:57,147.0,Toronto Raptors,93,100,6,2,L 2
BOS,2020-09-07,18:30,20:48,138.0,Toronto Raptors,111,89,7,2,W 1
BOS,2020-09-09,18:30,21:31,181.0,Toronto Raptors,122,125,7,3,L 1
BOS,2020-09-11,21:00,23:22,142.0,Toronto Raptors,92,87,8,3,W 1
BOS,2020-09-15,18:30,21:11,161.0,Miami Heat,114,117,8,4,L 1
BOS,2020-09-17,19:00,21:22,142.0,Miami Heat,101,106,8,5,L 2
BOS,2020-09-19,20:30,22:59,149.0,Miami Heat,117,106,9,5,W 1
BOS,2020-09-23,20:30,23:05,155.0,Miami Heat,109,112,9,6,L 1
BOS,2020-09-25,20:30,23:05,155.0,Miami Heat,121,108,10,6,W 1
BOS,2020-09-27,19:30,21:49,139.0,Miami Heat,113,125,10,7,L 1
BOS,2021-05-22,20:00,22:23,143.0,Brooklyn Nets,93,104,0,1,L 1
BOS,2021-05-25,19:30,21:45,135.0,Brooklyn Nets,108,130,0,2,L 2
BOS,2021-05-28,20:30,23:05,155.0,Brooklyn Nets,125,119,1,2,W 1
BOS,2021-05-30,19:00,21:28,148.0,Brooklyn Nets,126,141,1,3,L 1
BOS,2021-06-01,19:30,21:52,142.0,Brooklyn Nets,109,123,1,4,L 2
BOS,2022-04-17,15:30,17:54,144.0,Brooklyn Nets,115,114,1,0,W 1
BOS,2022-04-20,19:00,21:35,155.0,Brooklyn Nets,114,107,2,0,W 2
BOS,2022-04-23,19:30,21:47,137.0,Brooklyn Nets,109,103,3,0,W 3
BOS,2022-04-25,19:00,21:30,150.0,Brooklyn Nets,116,112,4,0,W 4
BOS,2022-05-01,13:00,15:28,148.0,Milwaukee Bucks,89,101,4,1,L 1
BOS,2022-05-03,19:00,21:31,151.0,Milwaukee Bucks,109,86,5,1,W 1
BOS,2022-05-07,15:30,18:04,154.0,Milwaukee Bucks,101,103,5,2,L 1
BOS,2022-05-09,19:30,22:03,153.0,Milwaukee Bucks,116,108,6,2,W 1
BOS,2022-05-11,19:00,21:31,151.0,Milwaukee Bucks,107,110,6,3,L 1
BOS,2022-05-13,19:30,21:57,147.0,Milwaukee Bucks,108,95,7,3,W 1
BOS,2022-05-15,15:30,17:57,147.0,Milwaukee Bucks,109,81,8,3,W 2
BOS,2022-05-17,20:30,23:09,159.0,Miami Heat,107,118,8,4,L 1
BOS,2022-05-19,20:30,22:46,136.0,Miami Heat,127,102,9,4,W 1
BOS,2022-05-21,20:30,23:07,157.0,Miami Heat,103,109,9,5,L 1
BOS,2022-05-23,20:30,22:50,140.0,Miami Heat,102,82,10,5,W 1
BOS,2022-05-25,20:30,22:50,140.0,Miami Heat,93,80,11,5,W 2
BOS,2022-05-27,20:30,23:11,161.0,Miami Heat,103,111,11,6,L 1
BOS,2022-05-29,20:30,23:00,150.0,Miami Heat,100,96,12,6,W 1
BOS,2022-06-02,21:00,23:19,139.0,Golden State Warriors,120,108,13,6,W 2
BOS,2022-06-05,20:00,22:28,148.0,Golden State Warriors,88,107,13,7,L 1
BOS,2022-06-08,21:00,23:26,146.0,Golden State Warriors,116,100,14,7,W 1
BOS,2022-06-10,21:00,23:21,141.0,Golden State Warriors,97,107,14,8,L 1
BOS,2022-06-13,21:00,23:27,147.0,Golden State Warriors,94,104,14,9,L 2
BOS,2022-06-16,21:00,23:20,140.0,Golden State Warriors,90,103,14,10,L 3
BOS,2023-04-15,15:30,17:44,134.0,Atlanta Hawks,112,99,1,0,W 1
BOS,2023-04-18,19:00,21:03,123.0,Atlanta Hawks,119,106,2,0,W 2
BOS,2023-04-21,19:00,21:19,139.0,Atlanta Hawks,122,130,2,1,L 1
BOS,2023-04-23,19:00,21:28,148.0,Atlanta Hawks,129,121,3,1,W 1
BOS,2023-04-25,19:30,21:48,138.0,Atlanta Hawks,117,119,3,2,L 1
BOS,2023-04-27,20:30,22:54,144.0,Atlanta Hawks,128,120,4,2,W 1
BOS,2023-05-01,19:30,21:46,136.0,Philadelphia 76ers,115,119,4,3,L 1
BOS,2023-05-03,20:00,22:13,133.0,Philadelphia 76ers,121,87,5,3,W 1
BOS,2023-05-05,19:30,21:52,142.0,Philadelphia 76ers,114,102,6,3,W 2
BOS,2023-05-07,15:30,18:05,155.0,Philadelphia 76ers,115,116,6,4,L 1
BOS,2023-05-09,19:30,21:55,145.0,Philadelphia 76ers,103,115,6,5,L 2
BOS,2023-05-11,19:30,21:50,140.0,Philadelphia 76ers,95,86,7,5,W 1
BOS,2023-05-14,15:30,17:53,143.0,Philadelphia 76ers,112,88,8,5,W 2
BOS,2023-05-17,20:30,22:48,138.0,Miami Heat,116,123,8,6,L 1
BOS,2023-05-19,20:30,22:52,142.0,Miami Heat,105,111,8,7,L 2
BOS,2023-05-21,20:30,22:46,136.0,Miami Heat,102,128,8,8,L 3
BOS,2023-05-23,20:30,22:52,142.0,Miami Heat,116,99,9,8,W 1
BOS,2023-05-25,20:30,22:38,128.0,Miami Heat,110,97,10,8,W 2
BOS,2023-05-27,20:30,23:10,160.0,Miami Heat,104,103,11,8,W 3
BOS,2023-05-29,20:30,22:40,130.0,Miami Heat,84,103,11,9,L 1
BOS,2024-04-21,13:00,15:09,129.0,Miami Heat,114,94,1,0,W 1
BOS,2024-04-24,19:00,21:19,139.0,Miami Heat,101,111,1,1,L 1
BOS,2024-04-27,18:00,20:11,131.0,Miami Heat,104,84,2,1,W 1
BOS,2024-04-29,19:30,21:50,140.0,Miami Heat,102,88,3,1,W 2
BOS,2024-05-01,19:30,21:41,131.0,Miami Heat,118,84,4,1,W 3
BOS,2024-05-07,19:00,21:09,129.0,Cleveland Cavaliers,120,95,5,1,W 4
BOS,2024-05-09,19:00,21:14,134.0,Cleveland Cavaliers,94,118,5,2,L 1
BOS,2024-05-11,20:30,22:41,131.0,Cleveland Cavaliers,106,93,6,2,W 1
BOS,2024-05-13,19:00,21:22,142.0,Cleveland Cavaliers,109,102,7,2,W 2
BOS,2024-05-15,19:00,21:14,134.0,Cleveland Cavaliers,113,98,8,2,W 3
BOS,2024-05-21,20:00,22:46,166.0,Indiana Pacers,133,128,9,2,W 4
BOS,2024-05-23,20:00,22:21,141.0,Indiana Pacers,126,110,10,2,W 5
BOS,2024-05-25,20:30,22:55,145.0,Indiana Pacers,114,111,11,2,W 6
BOS,2024-05-27,20:00,22:22,142.0,Indiana Pacers,105,102,12,2,W 7
BOS,2024-06-06,20:30,22:42,132.0,Dallas Mavericks,107,89,13,2,W 8
BOS,2024-06-09,20:00,22:18,138.0,Dallas Mavericks,105,98,14,2,W 9
BOS,2024-06-12,20:30,22:51,141.0,Dallas Mavericks,106,99,15,2,W 10
BOS,2024-06-14,20:30,22:52,142.0,Dallas Mavericks,84,122,15,3,L 1
BOS,2024-06-17,20:30,22:51,141.0,Dallas Mavericks,106,88,16,3,W 1
BRK,2019-04-13,14:30,17:04,154.0,Philadelphia 76ers,111,102,1,0,W 1
BRK,2019-04-15,20:00,22:28,148.0,Philadelphia 76ers,123,145,1,1,L 1
BRK,2019-04-18,20:00,22:30,150.0,Philadelphia 76ers,115,131,1,2,L 2
BRK,2019-04-20,15:00,17:33,153.0,Philadelphia 76ers,108,112,1,3,L 3
BRK,2019-04-23,20:00,22:18,138.0,Philadelphia 76ers,100,122,1,4,L 4
BRK,2020-08-17,16:00,18:26,146.0,Toronto Raptors,110,134,0,1,L 1
BRK,2020-08-19,13:30,16:02,152.0,Toronto Raptors,99,104,0,2,L 2
BRK,2020-08-21,13:30,15:38,128.0,Toronto Raptors,92,117,0,3,L 3
BRK,2020-08-23,18:30,20:50,140.0,Toronto Raptors,122,150,0,4,L 4
BRK,2021-05-22,20:00,22:23,143.0,Boston Celtics,104,93,1,0,W 1
BRK,2021-05-25,19:30,21:45,135.0,Boston Celtics,130,108,2,0,W 2
BRK,2021-05-28,20:30,23:05,155.0,Boston Celtics,119,125,2,1,L 1
BRK,2021-05-30,19:00,21:28,148.0,Boston Celtics,141,126,3,1,W 1
BRK,2021-06-01,19:30,21:52,142.0,Boston Celtics,123,109,4,1,W 2
BRK,2021-06-05,19:30,21:50,140.0,Milwaukee Bucks,115,107,5,1,W 3
BRK,2021-06-07,19:30,21:37,127.0,Milwaukee Bucks,125,86,6,1,W 4
BRK,2021-06-10,19:30,21:55,145.0,Milwaukee Bucks,83,86,6,2,L 1
BRK,2021-06-13,15:00,17:25,145.0,Milwaukee Bucks,96,107,6,3,L 2
BRK,2021-06-15,20:30,23:01,151.0,Milwaukee Bucks,114,108,7,3,W 1
BRK,2021-06-17,20:30,22:51,141.0,Milwaukee Bucks,89,104,7,4,L 1
BRK,2021-06-19,20:30,23:24,174.0,Milwaukee Bucks,111,115,7,5,L 2
BRK,2022-04-17,15:30,17:54,144.0,Boston Celtics,114,115,0,1,L 1
BRK,2022-04-20,19:00,21:35,155.0,Boston Celtics,107,114,0,2,L 2
BRK,2022-04-23,19:30,21:47,137.0,Boston Celtics,103,109,0,3,L 3
BRK,2022-04-25,19:00,21:30,150.0,Boston Celtics,112,116,0,4,L 4
BRK,2023-04-15,13:00,15:14,134.0,Philadelphia 76ers,101,121,0,1,L 1
BRK,2023-04-17,19:30,21:50,140.0,Philadelphia 76ers,84,96,0,2,L 2
BRK,2023-04-20,19:30,21:58,148.0,Philadelphia 76ers,97,102,0,3,L 3
BRK,2023-04-22,13:00,15:19,139.0,Philadelphia 76ers,88,96,0,4,L 4
CHI,2022-04-17,18:30,20:52,142.0,Milwaukee Bucks,86,93,0,1,L 1
CHI,2022-04-20,21:30,00:04,154.0,Milwaukee Bucks,114,110,1,1,W 1
CHI,2022-04-22,20:30,22:35,125.0,Milwaukee Bucks,81,111,1,2,L 1
CHI,2022-04-24,13:00,15:22,142.0,Milwaukee Bucks,95,119,1,3,L 2
CHI,2022-04-27,19:30,21:47,137.0,Milwaukee Bucks,100,116,1,4,L 3
CLE,2018-04-15,15:30,17:54,144.0,Indiana Pacers,80,98,0,1,L 1
CLE,2018-04-18,19:00,21:25,145.0,Indiana Pacers,100,97,1,1,W 1
CLE,2018-04-20,19:00,21:25,145.0,Indiana Pacers,90,92,1,2,L 1
CLE,2018-04-22,20:30,22:58,148.0,Indiana Pacers,104,100,2,2,W 1
CLE,2018-04-25,19:00,21:31,151.0,Indiana Pacers,98,95,3,2,W 2
CLE,2018-04-27,20:00,22:15,135.0,Indiana Pacers,87,121,3,3,L 1
CLE,2018-04-29,13:00,15:42,162.0,Indiana Pacers,105,101,4,3,W 1
CLE,2018-05-01,20:00,22:53,173.0,Toronto Raptors,113,112,5,3,W 2
CLE,2018-05-03,18:00,20:19,139.0,Toronto Raptors,128,110,6,3,W 3
CLE,2018-05-05,20:30,23:06,156.0,Toronto Raptors,105,103,7,3,W 4
CLE,2018-05-07,20:30,22:57,147.0,Toronto Raptors,128,93,8,3,W 5
CLE,2018-05-13,15:30,17:38,128.0,Boston Celtics,83,108,8,4,L 1
CLE,2018-05-15,20:30,22:51,141.0,Boston Celtics,94,107,8,5,L 2
CLE,2018-05-19,20:30,22:47,137.0,Boston Celtics,116,86,9,5,W 1
CLE,2018-05-21,20:30,23:00,150.0,Boston Celtics,111,102,10,5,W 2
CLE,2018-05-23,20:30,22:51,141.0,Boston Celtics,83,96,10,6,L 1
CLE,2018-05-25,20:30,22:50,140.0,Boston Celtics,109,99,11,6,W 1
CLE,2018-05-27,20:30,22:48,138.0,Boston Celtics,87,79,12,6,W 2
CLE,2018-05-31,21:00,23:38,158.0,Golden State Warriors,114,124,12,7,L 1
CLE,2018-06-03,20:00,22:25,145.0,Golden State Warriors,103,122,12,8,L 2
CLE,2018-06-06,21:00,23:19,139.0,Golden State Warriors,102,110,12,9,L 3
CLE,2018-06-08,21:00,23:19,139.0,Golden State Warriors,85,108,12,10,L 4
CLE,2023-04-15,18:00,20:26,146.0,New York Knicks,97,101,0,1,L 1
CLE,2023-04-18,19:30,21:51,141.0,New York Knicks,107,90,1,1,W 1
CLE,2023-04-21,20:30,22:44,134.0,New York Knicks,79,99,1,2,L 1
CLE,2023-04-23,13:00,15:22,142.0,New York Knicks,93,102,1,3,L 2
CLE,2023-04-26,19:00,21:25,145.0,New York Knicks,95,106,1,4,L 3
CLE,2024-04-20,13:00,15:32,152.0,Orlando Magic,97,83,1,0,W 1
CLE,2024-04-22,19:00,21:31,151.0,Orlando Magic,96,86,2,0,W 2
CLE,2024-04-25,19:00,21:10,130.0,Orlando Magic,83,121,2,1,L 1
CLE,2024-04-27,13:00,15:20,140.0,Orlando Magic,89,112,2,2,L 2
CLE,2024-04-30,20:00,22:31,151.0,Orlando Magic,104,103,3,2,W 1
CLE,2024-05-03,19:00,21:28,148.0,Orlando Magic,96,103,3,3,L 1
CLE,2024-05-05,13:00,15:37,157.0,Orlando Magic,106,94,4,3,W 1
CLE,2024-05-07,19:00,21:09,129.0,Boston Celtics,95,120,4,4,L 1
CLE,2024-05-09,19:00,21:14,134.0,Boston Celtics,118,94,5,4,W 1
CLE,2024-05-11,20:30,22:41,131.0,Boston Celtics,93,106,5,5,L 1
CLE,2024-05-13,19:00,21:22,142.0,Boston Celtics,102,109,5,6,L 2
CLE,2024-05-15,19:00,21:14,134.0,Boston Celtics,98,113,5,7,L 3
DAL,2020-08-17,21:00,23:30,150.0,Los Angeles Clippers,110,118,0,1,L 1
DAL,2020-08-19,21:00,23:40,160.0,Los Angeles Clippers,127,114,1,1,W 1
DAL,2020-08-21,21:00,23:28,148.0,Los Angeles Clippers,122,130,1,2,L 1
DAL,2020-08-23,15:30,18:14,164.0,Los Angeles Clippers,135,133,2,2,W 1
DAL,2020-08-25,21:00,23:33,153.0,Los Angeles Clippers,111,154,2,3,L 1
DAL,2020-08-30,15:30,17:46,136.0,Los Angeles Clippers,97,111,2,4,L 2
DAL,2021-05-22,16:30,18:52,142.0,Los Angeles Clippers,113,103,1,0,W 1
DAL,2021-05-25,22:30,00:56,146.0,Los Angeles Clippers,127,121,2,0,W 2
DAL,2021-05-28,21:30,00:01,151.0,Los Angeles Clippers,108,118,2,1,L 1
DAL,2021-05-30,21:30,23:53,143.0,Los Angeles Clippers,81,106,2,2,L 2
DAL,2021-06-02,22:00,00:29,149.0,Los Angeles Clippers,105,100,3,2,W 1
DAL,2021-06-04,21:00,23:26,146.0,Los Angeles Clippers,97,104,3,3,L 1
DAL,2021-06-06,15:30,17:57,147.0,Los Angeles Clippers,111,126,3,4,L 2
DAL,2022-04-16,13:00,15:29,149.0,Utah Jazz,93,99,0,1,L 1
DAL,2022-04-18,20:30,22:45,135.0,Utah Jazz,110,104,1,1,W 1
DAL,2022-04-21,21:00,23:37,157.0,Utah Jazz,126,118,2,1,W 2
DAL,2022-04-23,16:30,19:10,160.0,Utah Jazz,99,100,2,2,L 1
DAL,2022-04-25,21:30,23:50,140.0,Utah Jazz,102,77,3,2,W 1
DAL,2022-04-28,22:00,00:14,134.0,Utah Jazz,98,96,4,2,W 2
DAL,2022-05-02,22:00,00:24,144.0,Phoenix Suns,114,121,4,3,L 1
DAL,2022-05-04,22:00,00:24,144.0,Phoenix Suns,109,129,4,4,L 2
DAL,2022-05-06,21:30,23:42,132.0,Phoenix Suns,103,94,5,4,W 1
DAL,2022-05-08,15:30,17:52,142.0,Phoenix Suns,111,101,6,4,W 2
DAL,2022-05-10,22:00,00:19,139.0,Phoenix Suns,80,110,6,5,L 1
DAL,2022-05-12,21:30,23:53,143.0,Phoenix Suns,113,86,7,5,W 1
DAL,2022-05-15,20:00,22:07,127.0,Phoenix Suns,123,90,8,5,W 2
DAL,2022-05-18,21:00,23:15,135.0,Golden State Warriors,87,112,8,6,L 1
DAL,2022-05-20,21:00,23:33,153.0,Golden State Warriors,117,126,8,7,L 2
DAL,2022-05-22,21:00,23:34,154.0,Golden State Warriors,100,109,8,8,L 3
DAL,2022-05-24,21:00,23:32,152.0,Golden State Warriors,119,109,9,8,W 1
DAL,2022-05-26,21:00,23:17,137.0,Golden State Warriors,110,120,9,9,L 1
DAL,2024-04-21,15:30,17:52,142.0,Los Angeles Clippers,97,109,0,1,L 1
DAL,2024-04-23,22:00,00:35,155.0,Los Angeles Clippers,96,93,1,1,W 1
DAL,2024-04-26,20:00,22:28,148.0,Los Angeles Clippers,101,90,2,1,W 2
DAL,2024-04-28,15:30,18:06,156.0,Los Angeles Clippers,111,116,2,2,L 1
DAL,2024-05-01,22:00,00:16,136.0,Los Angeles Clippers,123,93,3,2,W 1
DAL,2024-05-03,21:30,00:05,155.0,Los Angeles Clippers,114,101,4,2,W 2
DAL,2024-05-07,21:30,23:53,143.0,Oklahoma City Thunder,95,117,4,3,L 1
DAL,2024-05-09,21:30,23:57,147.0,Oklahoma City Thunder,119,110,5,3,W 1
DAL,2024-05-11,15:30,17:55,145.0,Oklahoma City Thunder,105,101,6,3,W 2
DAL,2024-05-13,21:30,00:09,159.0,Oklahoma City Thunder,96,100,6,4,L 1
DAL,2024-05-15,21:30,23:42,132.0,Oklahoma City Thunder,104,92,7,4,W 1
DAL,2024-05-18,20:00,22:26,146.0,Oklahoma City Thunder,117,116,8,4,W 2
DAL,2024-05-22,20:30,22:56,146.0,Minnesota Timberwolves,108,105,9,4,W 3
DAL,2024-05-24,20:30,22:59,149.0,Minnesota Timberwolves,109,108,10,4,W 4
DAL,2024-05-26,20:00,22:31,151.0,Minnesota Timberwolves,116,107,11,4,W 5
DAL,2024-05-28,20:30,23:05,155.0,Minnesota Timberwolves,100,105,11,5,L 1
DAL,2024-05-30,20:30,22:51,141.0,Minnesota Timberwolves,124,103,12,5,W 1
DAL,2024-06-06,20:30,22:42,132.0,Boston Celtics,89,107,12,6,L 1
DAL,2024-06-09,20:00,22:18,138.0,Boston Celtics,98,105,12,7,L 2
DAL,2024-06-12,20:30,22:51,141.0,Boston Celtics,99,106,12,8,L 3
DAL,2024-06-14,20:30,22:52,142.0,Boston Celtics,122,84,13,8,W 1
DAL,2024-06-17,20:30,22:51,141.0,Boston Celtics,88,106,13,9,L 1
DEN,2019-04-13,22:30,00:47,137.0,San Antonio Spurs,96,101,0,1,L 1
DEN,2019-04-16,21:00,23:16,136.0,San Antonio Spurs,114,105,1,1,W 1
DEN,2019-04-18,21:00,23:15,135.0,San Antonio Spurs,108,118,1,2,L 1
DEN,2019-04-20,17:30,19:50,140.0,San Antonio Spurs,117,103,2,2,W 1
DEN,2019-04-23,21:30,23:40,130.0,San Antonio Spurs,108,90,3,2,W 2
DEN,2019-04-25,20:00,22:17,137.0,San Antonio Spurs,103,120,3,3,L 1
DEN,2019-04-27,22:00,00:27,147.0,San Antonio Spurs,90,86,4,3,W 1
DEN,2019-04-29,22:30,00:52,142.0,Portland Trail Blazers,121,113,5,3,W 2
DEN,2019-05-01,21:00,23:32,152.0,Portland Trail Blazers,90,97,5,4,L 1
DEN,2019-05-03,22:30,01:55,205.0,Portland Trail Blazers,137,140,5,5,L 2
DEN,2019-05-05,19:00,21:36,156.0,Portland Trail Blazers,116,112,6,5,W 1
DEN,2019-05-07,22:30,00:54,144.0,Portland Trail Blazers,124,98,7,5,W 2
DEN,2019-05-09,22:30,00:53,143.0,Portland Trail Blazers,108,119,7,6,L 1
DEN,2019-05-12,15:30,18:01,151.0,Portland Trail Blazers,96,100,7,7,L 2
DEN,2020-08-17,13:30,16:03,153.0,Utah Jazz,135,125,1,0,W 1
DEN,2020-08-19,16:00,18:15,135.0,Utah Jazz,105,124,1,1,L 1
DEN,2020-08-21,16:00,18:14,134.0,Utah Jazz,87,124,1,2,L 2
DEN,2020-08-23,21:00,23:30,150.0,Utah Jazz,127,129,1,3,L 3
DEN,2020-08-25,18:30,20:55,145.0,Utah Jazz,117,107,2,3,W 1
DEN,2020-08-30,20:30,22:55,145.0,Utah Jazz,119,107,3,3,W 2
DEN,2020-09-01,20:30,22:43,133.0,Utah Jazz,80,78,4,3,W 3
DEN,2020-09-03,21:00,23:13,133.0,Los Angeles Clippers,97,120,4,4,L 1
DEN,2020-09-05,21:00,23:22,142.0,Los Angeles Clippers,110,101,5,4,W 1
DEN,2020-09-07,21:00,23:24,144.0,Los Angeles Clippers,107,113,5,5,L 1
DEN,2020-09-09,21:00,23:43,163.0,Los Angeles Clippers,85,96,5,6,L 2
DEN,2020-09-11,18:30,20:59,149.0,Los Angeles Clippers,111,105,6,6,W 1
DEN,2020-09-13,13:00,15:27,147.0,Los Angeles Clippers,111,98,7,6,W 2
DEN,2020-09-15,21:00,23:17,137.0,Los Angeles Clippers,104,89,8,6,W 3
DEN,2020-09-18,21:00,23:31,151.0,Los Angeles Lakers,114,126,8,7,L 1
DEN,2020-09-20,19:30,22:05,155.0,Los Angeles Lakers,103,105,8,8,L 2
DEN,2020-09-22,21:00,23:34,154.0,Los Angeles Lakers,114,106,9,8,W 1
DEN,2020-09-24,21:00,23:31,151.0,Los Angeles Lakers,108,114,9,9,L 1
DEN,2020-09-26,21:00,23:32,152.0,Los Angeles Lakers,107,117,9,10,L 2
DEN,2021-05-22,22:30,00:38,128.0,Portland Trail Blazers,109,123,0,1,L 1
DEN,2021-05-24,22:00,00:32,152.0,Portland Trail Blazers,128,109,1,1,W 1
DEN,2021-05-27,22:30,00:58,148.0,Portland Trail Blazers,120,115,2,1,W 2
DEN,2021-05-29,16:00,18:15,135.0,Portland Trail Blazers,95,115,2,2,L 1
DEN,2021-06-01,21:00,00:03,183.0,Portland Trail Blazers,147,140,3,2,W 1
DEN,2021-06-03,20:00,22:18,138.0,Portland Trail Blazers,126,115,4,2,W 2
DEN,2021-06-07,22:00,00:06,126.0,Phoenix Suns,105,122,4,3,L 1
DEN,2021-06-09,21:30,23:45,135.0,Phoenix Suns,98,123,4,4,L 2
DEN,2021-06-11,22:00,00:10,130.0,Phoenix Suns,102,116,4,5,L 3
DEN,2021-06-13,20:00,22:33,153.0,Phoenix Suns,118,125,4,6,L 4
DEN,2022-04-16,20:30,22:54,144.0,Golden State Warriors,107,123,0,1,L 1
DEN,2022-04-18,22:00,00:29,149.0,Golden State Warriors,106,126,0,2,L 2
DEN,2022-04-21,22:00,00:33,153.0,Golden State Warriors,113,118,0,3,L 3
DEN,2022-04-24,15:30,18:16,166.0,Golden State Warriors,126,121,1,3,W 1
DEN,2022-04-27,22:00,00:26,146.0,Golden State Warriors,98,102,1,4,L 1
DEN,2023-04-16,22:30,00:51,141.0,Minnesota Timberwolves,109,80,1,0,W 1
DEN,2023-04-19,22:00,00:29,149.0,Minnesota Timberwolves,122,113,2,0,W 2
DEN,2023-04-21,21:30,23:55,145.0,Minnesota Timberwolves,120,111,3,0,W 3
DEN,2023-04-23,21:30,00:14,164.0,Minnesota Timberwolves,108,114,3,1,L 1
DEN,2023-04-25,21:00,23:39,159.0,Minnesota Timberwolves,112,109,4,1,W 1
DEN,2023-04-29,20:30,22:50,140.0,Phoenix Suns,125,107,5,1,W 2
DEN,2023-05-01,22:00,00:17,137.0,Phoenix Suns,97,87,6,1,W 3
DEN,2023-05-05,22:00,00:28,148.0,Phoenix Suns,114,121,6,2,L 1
DEN,2023-05-07,20:00,22:23,143.0,Phoenix Suns,124,129,6,3,L 2
DEN,2023-05-09,22:00,00:23,143.0,Phoenix Suns,118,102,7,3,W 1
DEN,2023-05-11,22:00,00:20,140.0,Phoenix Suns,125,100,8,3,W 2
DEN,2023-05-16,20:30,23:04,154.0,Los Angeles Lakers,132,126,9,3,W 3
DEN,2023-05-18,20:30,22:59,149.0,Los Angeles Lakers,108,103,10,3,W 4
DEN,2023-05-20,20:30,22:49,139.0,Los Angeles Lakers,119,108,11,3,W 5
DEN,2023-05-22,20:30,23:02,152.0,Los Angeles Lakers,113,111,12,3,W 6
DEN,2023-06-01,20:30,22:34,124.0,Miami Heat,104,93,13,3,W 7
DEN,2023-06-04,20:00,22:24,144.0,Miami Heat,108,111,13,4,L 1
DEN,2023-06-07,20:30,22:55,145.0,Miami Heat,109,94,14,4,W 1
DEN,2023-06-09,20:30,22:59,149.0,Miami Heat,108,95,15,4,W 2
DEN,2023-06-12,20:30,22:52,142.0,Miami Heat,94,89,16,4,W 3
DEN,2024-04-20,20:30,22:41,131.0,Los Angeles Lakers,114,103,1,0,W 1
DEN,2024-04-22,22:00,00:19,139.0,Los Angeles Lakers,101,99,2,0,W 2
DEN,2024-04-25,22:00,00:18,138.0,Los Angeles Lakers,112,105,3,0,W 3
DEN,2024-04-27,20:30,22:49,139.0,Los Angeles Lakers,108,119,3,1,L 1
DEN,2024-04-29,22:00,00:19,139.0,Los Angeles Lakers,108,106,4,1,W 1
DEN,2024-05-04,19:00,21:18,138.0,Minnesota Timberwolves,99,106,4,2,L 1
DEN,2024-05-06,22:00,00:19,139.0,Minnesota Timberwolves,80,106,4,3,L 2
DEN,2024-05-10,21:30,00:00,150.0,Minnesota Timberwolves,117,90,5,3,W 1
DEN,2024-05-12,20:00,22:23,143.0,Minnesota Timberwolves,115,107,6,3,W 2
DEN,2024-05-14,22:30,00:52,142.0,Minnesota Timberwolves,112,97,7,3,W 3
DEN,2024-05-16,20:30,22:42,132.0,Minnesota Timberwolves,70,115,7,4,L 1
DEN,2024-05-19,20:00,22:25,145.0,Minnesota Timberwolves,90,98,7,5,L 2
DET,2019-04-14,19:00,21:13,133.0,Milwaukee Bucks,86,121,0,1,L 1
DET,2019-04-17,20:00,22:18,138.0,Milwaukee Bucks,99,120,0,2,L 2
DET,2019-04-20,20:00,22:20,140.0,Milwaukee Bucks,103,119,0,3,L 3
DET,2019-04-22,20:00,22:30,150.0,Milwaukee Bucks,104,127,0,4,L 4
GSW,2018-04-14,15:00,17:17,137.0,San Antonio Spurs,113,92,1,0,W 1
GSW,2018-04-16,22:30,01:00,150.0,San Antonio Spurs,116,101,2,0,W 2
GSW,2018-04-19,21:30,23:44,134.0,San Antonio Spurs,110,97,3,0,W 3
GSW,2018-04-22,15:30,17:43,133.0,San Antonio Spurs,90,103,3,1,L 1
GSW,2018-04-24,22:30,00:55,145.0,San Antonio Spurs,99,91,4,1,W 1
GSW,2018-04-28,22:30,00:48,138.0,New Orleans Pelicans,123,101,5,1,W 2
GSW,2018-05-01,22:30,00:57,147.0,New Orleans Pelicans,121,116,6,1,W 3
GSW,2018-05-04,20:00,22:11,131.0,New Orleans Pelicans,100,119,6,2,L 1
GSW,2018-05-06,15:30,17:47,137.0,New Orleans Pelicans,118,92,7,2,W 1
GSW,2018-05-08,22:30,00:45,135.0,New Orleans Pelicans,113,104,8,2,W 2
GSW,2018-05-14,21:00,23:21,141.0,Houston Rockets,119,106,9,2,W 3
GSW,2018-05-16,21:00,23:19,139.0,Houston Rockets,105,127,9,3,L 1
GSW,2018-05-20,20:00,22:12,132.0,Houston Rockets,126,85,10,3,W 1
GSW,2018-05-22,21:00,23:26,146.0,Houston Rockets,92,95,10,4,L 1
GSW,2018-05-24,21:00,23:27,147.0,Houston Rockets,94,98,10,5,L 2
GSW,2018-05-26,21:00,23:16,136.0,Houston Rockets,115,86,11,5,W 1
GSW,2018-05-28,21:00,23:23,143.0,Houston Rockets,101,92,12,5,W 2
GSW,2018-05-31,21:00,23:38,158.0,Cleveland Cavaliers,124,114,13,5,W 3
GSW,2018-06-03,20:00,22:25,145.0,Cleveland Cavaliers,122,103,14,5,W 4
GSW,2018-06-06,21:00,23:19,139.0,Cleveland Cavaliers,110,102,15,5,W 5
GSW,2018-06-08,21:00,23:19,139.0,Cleveland Cavaliers,108,85,16,5,W 6
GSW,2019-04-13,20:00,22:25,145.0,Los Angeles Clippers,121,104,1,0,W 1
GSW,2019-04-15,22:30,01:12,162.0,Los Angeles Clippers,131,135,1,1,L 1
GSW,2019-04-18,22:30,01:01,151.0,Los Angeles Clippers,132,105,2,1,W 1
GSW,2019-04-21,15:30,17:58,148.0,Los Angeles Clippers,113,105,3,1,W 2
GSW,2019-04-24,22:30,00:55,145.0,Los Angeles Clippers,121,129,3,2,L 1
GSW,2019-04-26,22:00,00:30,150.0,Los Angeles Clippers,129,110,4,2,W 1
GSW,2019-04-28,15:30,18:00,150.0,Houston Rockets,104,100,5,2,W 2
GSW,2019-04-30,22:30,00:55,145.0,Houston Rockets,115,109,6,2,W 3
GSW,2019-05-04,20:30,23:04,154.0,Houston Rockets,121,126,6,3,L 1
GSW,2019-05-06,21:30,23:58,148.0,Houston Rockets,108,112,6,4,L 2
GSW,2019-05-08,22:30,01:02,152.0,Houston Rockets,104,99,7,4,W 1
GSW,2019-05-10,21:00,23:21,141.0,Houston Rockets,118,113,8,4,W 2
GSW,2019-05-14,21:00,23:17,137.0,Portland Trail Blazers,116,94,9,4,W 3
GSW,2019-05-16,21:00,23:18,138.0,Portland Trail Blazers,114,111,10,4,W 4
GSW,2019-05-18,21:00,23:23,143.0,Portland Trail Blazers,110,99,11,4,W 5
GSW,2019-05-20,21:00,23:29,149.0,Portland Trail Blazers,119,117,12,4,W 6
GSW,2019-05-30,21:00,23:25,145.0,Toronto Raptors,109,118,12,5,L 1
GSW,2019-06-02,20:00,22:36,156.0,Toronto Raptors,109,104,13,5,W 1
GSW,2019-06-05,21:00,23:27,147.0,Toronto Raptors,109,123,13,6,L 1
GSW,2019-06-07,21:00,23:26,146.0,Toronto Raptors,92,105,13,7,L 2
GSW,2019-06-10,21:00,23:26,146.0,Toronto Raptors,106,105,14,7,W 1
GSW,2019-06-13,21:00,23:37,157.0,Toronto Raptors,110,114,14,8,L 1
GSW,2022-04-16,20:30,22:54,144.0,Denver Nuggets,123,107,1,0,W 1
GSW,2022-04-18,22:00,00:29,149.0,Denver Nuggets,126,106,2,0,W 2
GSW,2022-04-21,22:00,00:33,153.0,Denver Nuggets,118,113,3,0,W 3
GSW,2022-04-24,15:30,18:16,166.0,Denver Nuggets,121,126,3,1,L 1
GSW,2022-04-27,22:00,00:26,146.0,Denver Nuggets,102,98,4,1,W 1
GSW,2022-05-01,15:30,18:10,160.0,Memphis Grizzlies,117,116,5,1,W 2
GSW,2022-05-03,21:30,00:02,152.0,Memphis Grizzlies,101,106,5,2,L 1
GSW,2022-05-07,20:30,22:52,142.0,Memphis Grizzlies,142,112,6,2,W 1
GSW,2022-05-09,22:00,00:21,141.0,Memphis Grizzlies,101,98,7,2,W 2
GSW,2022-05-11,21:30,23:44,134.0,Memphis Grizzlies,95,134,7,3,L 1
GSW,2022-05-13,22:00,00:17,137.0,Memphis Grizzlies,110,96,8,3,W 1
GSW,2022-05-18,21:00,23:15,135.0,Dallas Mavericks,112,87,9,3,W 2
GSW,2022-05-20,21:00,23:33,153.0,Dallas Mavericks,126,117,10,3,W 3
GSW,2022-05-22,21:00,23:34,154.0,Dallas Mavericks,109,100,11,3,W 4
GSW,2022-05-24,21:00,23:32,152.0,Dallas Mavericks,109,119,11,4,L 1
GSW,2022-05-26,21:00,23:17,137.0,Dallas Mavericks,120,110,12,4,W 1
GSW,2022-06-02,21:00,23:19,139.0,Boston Celtics,108,120,12,5,L 1
GSW,2022-06-05,20:00,22:28,148.0,Boston Celtics,107,88,13,5,W 1
GSW,2022-06-08,21:00,23:26,146.0,Boston Celtics,100,116,13,6,L 1
GSW,2022-06-10,21:00,23:21,141.0,Boston Celtics,107,97,14,6,W 1
GSW,2022-06-13,21:00,23:27,147.0,Boston Celtics,104,94,15,6,W 2
GSW,2022-06-16,21:00,23:20,140.0,Boston Celtics,103,90,16,6,W 3
GSW,2023-04-15,20:30,22:59,149.0,Sacramento Kings,123,126,0,1,L 1
GSW,2023-04-17,22:00,00:34,154.0,Sacramento Kings,106,114,0,2,L 2
GSW,2023-04-20,22:00,00:24,144.0,Sacramento Kings,114,97,1,2,W 1
GSW,2023-04-23,15:30,18:01,151.0,Sacramento Kings,126,125,2,2,W 2
GSW,2023-04-26,22:00,00:31,151.0,Sacramento Kings,123,116,3,2,W 3
GSW,2023-04-28,20:00,22:33,153.0,Sacramento Kings,99,118,3,3,L 1
GSW,2023-04-30,15:30,17:59,149.0,Sacramento Kings,120,100,4,3,W 1
GSW,2023-05-02,22:00,00:21,141.0,Los Angeles Lakers,112,117,4,4,L 1
GSW,2023-05-04,21:00,23:23,143.0,Los Angeles Lakers,127,100,5,4,W 1
GSW,2023-05-06,20:30,23:03,153.0,Los Angeles Lakers,97,127,5,5,L 1
GSW,2023-05-08,22:00,00:26,146.0,Los Angeles Lakers,101,104,5,6,L 2
GSW,2023-05-10,22:00,00:21,141.0,Los Angeles Lakers,121,106,6,6,W 1
GSW,2023-05-12,22:00,00:26,146.0,Los Angeles Lakers,101,122,6,7,L 1
HOU,2018-04-15,21:00,23:21,141.0,Minnesota Timberwolves,104,101,1,0,W 1
HOU,2018-04-18,21:30,23:47,137.0,Minnesota Timberwolves,102,82,2,0,W 2
HOU,2018-04-21,19:30,21:46,136.0,Minnesota Timberwolves,105,121,2,1,L 1
HOU,2018-04-23,20:00,22:14,134.0,Minnesota Timberwolves,119,100,3,1,W 1
HOU,2018-04-25,21:30,23:45,135.0,Minnesota Timberwolves,122,104,4,1,W 2
HOU,2018-04-29,15:30,17:44,134.0,Utah Jazz,110,96,5,1,W 3
HOU,2018-05-02,20:00,22:27,147.0,Utah Jazz,108,116,5,2,L 1
HOU,2018-05-04,22:30,00:41,131.0,Utah Jazz,113,92,6,2,W 1
HOU,2018-05-06,20:00,22:22,142.0,Utah Jazz,100,87,7,2,W 2
HOU,2018-05-08,20:00,22:12,132.0,Utah Jazz,112,102,8,2,W 3
HOU,2018-05-14,21:00,23:21,141.0,Golden State Warriors,106,119,8,3,L 1
HOU,2018-05-16,21:00,23:19,139.0,Golden State Warriors,127,105,9,3,W 1
HOU,2018-05-20,20:00,22:12,132.0,Golden State Warriors,85,126,9,4,L 1
HOU,2018-05-22,21:00,23:26,146.0,Golden State Warriors,95,92,10,4,W 1
HOU,2018-05-24,21:00,23:27,147.0,Golden State Warriors,98,94,11,4,W 2
HOU,2018-05-26,21:00,23:16,136.0,Golden State Warriors,86,115,11,5,L 1
HOU,2018-05-28,21:00,23:23,143.0,Golden State Warriors,92,101,11,6,L 2
HOU,2019-04-14,21:30,23:46,136.0,Utah Jazz,122,90,1,0,W 1
HOU,2019-04-17,21:30,23:45,135.0,Utah Jazz,118,98,2,0,W 2
HOU,2019-04-20,22:30,01:08,158.0,Utah Jazz,104,101,3,0,W 3
HOU,2019-04-22,22:30,00:50,140.0,Utah Jazz,91,107,3,1,L 1
HOU,2019-04-24,20:00,22:14,134.0,Utah Jazz,100,93,4,1,W 1
HOU,2019-04-28,15:30,18:00,150.0,Golden State Warriors,100,104,4,2,L 1
HOU,2019-04-30,22:30,00:55,145.0,Golden State Warriors,109,115,4,3,L 2
HOU,2019-05-04,20:30,23:04,154.0,Golden State Warriors,126,121,5,3,W 1
HOU,2019-05-06,21:30,23:58,148.0,Golden State Warriors,112,108,6,3,W 2
HOU,2019-05-08,22:30,01:02,152.0,Golden State Warriors,99,104,6,4,L 1
HOU,2019-05-10,21:00,23:21,141.0,Golden State Warriors,113,118,6,5,L 2
HOU,2020-08-18,18:30,20:50,140.0,Oklahoma City Thunder,123,108,1,0,W 1
HOU,2020-08-20,15:30,17:55,145.0,Oklahoma City Thunder,111,98,2,0,W 2
HOU,2020-08-22,18:00,20:46,166.0,Oklahoma City Thunder,107,119,2,1,L 1
HOU,2020-08-24,16:00,18:26,146.0,Oklahoma City Thunder,114,117,2,2,L 2
HOU,2020-08-29,18:30,20:48,138.0,Oklahoma City Thunder,114,80,3,2,W 1
HOU,2020-08-31,21:00,23:24,144.0,Oklahoma City Thunder,100,104,3,3,L 1
HOU,2020-09-02,21:00,23:30,150.0,Oklahoma City Thunder,104,102,4,3,W 1
HOU,2020-09-04,21:00,23:24,144.0,Los Angeles Lakers,112,97,5,3,W 2
HOU,2020-09-06,20:30,22:54,144.0,Los Angeles Lakers,109,117,5,4,L 1
HOU,2020-09-08,21:00,23:20,140.0,Los Angeles Lakers,102,112,5,5,L 2
HOU,2020-09-10,19:00,21:29,149.0,Los Angeles Lakers,100,110,5,6,L 3
HOU,2020-09-12,20:00,22:22,142.0,Los Angeles Lakers,96,119,5,7,L 4
IND,2018-04-15,15:30,17:54,144.0,Cleveland Cavaliers,98,80,1,0,W 1
IND,2018-04-18,19:00,21:25,145.0,Cleveland Cavaliers,97,100,1,1,L 1
IND,2018-04-20,19:00,21:25,145.0,Cleveland Cavaliers,92,90,2,1,W 1
IND,2018-04-22,20:30,22:58,148.0,Cleveland Cavaliers,100,104,2,2,L 1
IND,2018-04-25,19:00,21:31,151.0,Cleveland Cavaliers,95,98,2,3,L 2
IND,2018-04-27,20:00,22:15,135.0,Cleveland Cavaliers,121,87,3,3,W 1
IND,2018-04-29,13:00,15:42,162.0,Cleveland Cavaliers,101,105,3,4,L 1
IND,2019-04-14,13:00,15:18,138.0,Boston Celtics,74,84,0,1,L 1
IND,2019-04-17,19:00,21:12,132.0,Boston Celtics,91,99,0,2,L 2
IND,2019-04-19,20:30,22:45,135.0,Boston Celtics,96,104,0,3,L 3
IND,2019-04-21,13:00,15:25,145.0,Boston Celtics,106,110,0,4,L 4
IND,2020-08-18,16:00,18:20,140.0,Miami Heat,101,113,0,1,L 1
IND,2020-08-20,13:00,15:22,142.0,Miami Heat,100,109,0,2,L 2
IND,2020-08-22,15:30,18:08,158.0,Miami Heat,115,124,0,3,L 3
IND,2020-08-24,18:30,20:51,141.0,Miami Heat,87,99,0,4,L 4
IND,2024-04-21,19:00,21:17,137.0,Milwaukee Bucks,94,109,0,1,L 1
IND,2024-04-23,20:30,22:51,141.0,Milwaukee Bucks,125,108,1,1,W 1
IND,2024-04-26,17:30,20:20,170.0,Milwaukee Bucks,121,118,2,1,W 2
IND,2024-04-28,19:00,21:25,145.0,Milwaukee Bucks,126,113,3,1,W 3
IND,2024-04-30,21:30,23:55,145.0,Milwaukee Bucks,92,115,3,2,L 1
IND,2024-05-02,18:30,20:57,147.0,Milwaukee Bucks,120,98,4,2,W 1
IND,2024-05-06,19:30,22:00,150.0,New York Knicks,117,121,4,3,L 1
IND,2024-05-08,20:00,22:22,142.0,New York Knicks,121,130,4,4,L 2
IND,2024-05-10,19:00,21:27,147.0,New York Knicks,111,106,5,4,W 1
IND,2024-05-12,15:30,17:45,135.0,New York Knicks,121,89,6,4,W 2
IND,2024-05-14,20:00,22:36,156.0,New York Knicks,91,121,6,5,L 1
IND,2024-05-17,20:30,22:51,141.0,New York Knicks,116,103,7,5,W 1
IND,2024-05-19,15:30,17:53,143.0,New York Knicks,130,109,8,5,W 2
IND,2024-05-21,20:00,22:46,166.0,Boston Celtics,128,133,8,6,L 1
IND,2024-05-23,20:00,22:21,141.0,Boston Celtics,110,126,8,7,L 2
IND,2024-05-25,20:30,22:55,145.0,Boston Celtics,111,114,8,8,L 3
IND,2024-05-27,20:00,22:22,142.0,Boston Celtics,102,105,8,9,L 4
LAC,2019-04-13,20:00,22:25,145.0,Golden State Warriors,104,121,0,1,L 1
LAC,2019-04-15,22:30,01:12,162.0,Golden State Warriors,135,131,1,1,W 1
LAC,2019-04-18,22:30,01:01,151.0,Golden State Warriors,105,132,1,2,L 1
LAC,2019-04-21,15:30,17:58,148.0,Golden State Warriors,105,113,1,3,L 2
LAC,2019-04-24,22:30,00:55,145.0,Golden State Warriors,129,121,2,3,W 1
LAC,2019-04-26,22:00,00:30,150.0,Golden State Warriors,110,129,2,4,L 1
LAC,2020-08-17,21:00,23:30,150.0,Dallas Mavericks,118,110,1,0,W 1
LAC,2020-08-19,21:00,23:40,160.0,Dallas Mavericks,114,127,1,1,L 1
LAC,2020-08-21,21:00,23:28,148.0,Dallas Mavericks,130,122,2,1,W 1
LAC,2020-08-23,15:30,18:14,164.0,Dallas Mavericks,133,135,2,2,L 1
LAC,2020-08-25,21:00,23:33,153.0,Dallas Mavericks,154,111,3,2,W 1
LAC,2020-08-30,15:30,17:46,136.0,Dallas Mavericks,111,97,4,2,W 2
LAC,2020-09-03,21:00,23:13,133.0,Denver Nuggets,120,97,5,2,W 3
LAC,2020-09-05,21:00,23:22,142.0,Denver Nuggets,101,110,5,3,L 1
LAC,2020-09-07,21:00,23:24,144.0,Denver Nuggets,113,107,6,3,W 1
LAC,2020-09-09,21:00,23:43,163.0,Denver Nuggets,96,85,7,3,W 2
LAC,2020-09-11,18:30,20:59,149.0,Denver Nuggets,105,111,7,4,L 1
LAC,2020-09-13,13:00,15:27,147.0,Denver Nuggets,98,111,7,5,L 2
LAC,2020-09-15,21:00,23:17,137.0,Denver Nuggets,89,104,7,6,L 3
LAC,2021-05-22,16:30,18:52,142.0,Dallas Mavericks,103,113,0,1,L 1
LAC,2021-05-25,22:30,00:56,146.0,Dallas Mavericks,121,127,0,2,L 2
LAC,2021-05-28,21:30,00:01,151.0,Dallas Mavericks,118,108,1,2,W 1
LAC,2021-05-30,21:30,23:53,143.0,Dallas Mavericks,106,81,2,2,W 2
LAC,2021-06-02,22:00,00:29,149.0,Dallas Mavericks,100,105,2,3,L 1
LAC,2021-06-04,21:00,23:26,146.0,Dallas Mavericks,104,97,3,3,W 1
LAC,2021-06-06,15:30,17:57,147.0,Dallas Mavericks,126,111,4,3,W 2
LAC,2021-06-08,22:00,00:31,151.0,Utah Jazz,109,112,4,4,L 1
LAC,2021-06-10,22:00,00:39,159.0,Utah Jazz,111,117,4,5,L 2
LAC,2021-06-12,20:30,22:48,138.0,Utah Jazz,132,106,5,5,W 1
LAC,2021-06-14,22:00,00:35,155.0,Utah Jazz,118,104,6,5,W 2
LAC,2021-06-16,22:00,00:42,162.0,Utah Jazz,119,111,7,5,W 3
LAC,2021-06-18,22:00,00:21,141.0,Utah Jazz,131,119,8,5,W 4
LAC,2021-06-20,15:30,17:40,130.0,Phoenix Suns,114,120,8,6,L 1
LAC,2021-06-22,21:00,23:48,168.0,Phoenix Suns,103,104,8,7,L 2
LAC,2021-06-24,21:00,23:19,139.0,Phoenix Suns,106,92,9,7,W 1
LAC,2021-06-26,21:00,23:38,158.0,Phoenix Suns,80,84,9,8,L 1
LAC,2021-06-28,21:00,23:21,141.0,Phoenix Suns,116,102,10,8,W 1
LAC,2021-06-30,21:00,23:30,150.0,Phoenix Suns,103,130,10,9,L 1
LAC,2023-04-16,20:00,22:31,151.0,Phoenix Suns,115,110,1,0,W 1
LAC,2023-04-18,22:00,00:27,147.0,Phoenix Suns,109,123,1,1,L 1
LAC,2023-04-20,22:30,00:58,148.0,Phoenix Suns,124,129,1,2,L 2
LAC,2023-04-22,15:30,17:43,133.0,Phoenix Suns,100,112,1,3,L 3
LAC,2023-04-25,22:00,00:34,154.0,Phoenix Suns,130,136,1,4,L 4
LAC,2024-04-21,15:30,17:52,142.0,Dallas Mavericks,109,97,1,0,W 1
LAC,2024-04-23,22:00,00:35,155.0,Dallas Mavericks,93,96,1,1,L 1
LAC,2024-04-26,20:00,22:28,148.0,Dallas Mavericks,90,101,1,2,L 2
LAC,2024-04-28,15:30,18:06,156.0,Dallas Mavericks,116,111,2,2,W 1
LAC,2024-05-01,22:00,00:16,136.0,Dallas Mavericks,93,123,2,3,L 1
LAC,2024-05-03,21:30,00:05,155.0,Dallas Mavericks,101,114,2,4,L 2
LAL,2020-08-18,21:00,23:38,158.0,Portland Trail Blazers,93,100,0,1,L 1
LAL,2020-08-20,21:00,23:12,132.0,Portland Trail Blazers,111,88,1,1,W 1
LAL,2020-08-22,20:30,22:54,144.0,Portland Trail Blazers,116,108,2,1,W 2
LAL,2020-08-24,21:00,23:27,147.0,Portland Trail Blazers,135,115,3,1,W 3
LAL,2020-08-29,21:00,23:33,153.0,Portland Trail Blazers,131,122,4,1,W 4
LAL,2020-09-04,21:00,23:24,144.0,Houston Rockets,97,112,4,2,L 1
LAL,2020-09-06,20:30,22:54,144.0,Houston Rockets,117,109,5,2,W 1
LAL,2020-09-08,21:00,23:20,140.0,Houston Rockets,112,102,6,2,W 2
LAL,2020-09-10,19:00,21:29,149.0,Houston Rockets,110,100,7,2,W 3
LAL,2020-09-12,20:00,22:22,142.0,Houston Rockets,119,96,8,2,W 4
LAL,2020-09-18,21:00,23:31,151.0,Denver Nuggets,126,114,9,2,W 5
LAL,2020-09-20,19:30,22:05,155.0,Denver Nuggets,105,103,10,2,W 6
LAL,2020-09-22,21:00,23:34,154.0,Denver Nuggets,106,114,10,3,L 1
LAL,2020-09-24,21:00,23:31,151.0,Denver Nuggets,114,108,11,3,W 1
LAL,2020-09-26,21:00,23:32,152.0,Denver Nuggets,117,107,12,3,W 2
LAL,2020-09-30,21:00,23:24,144.0,Miami Heat,116,98,13,3,W 3
LAL,2020-10-02,21:00,23:22,142.0,Miami Heat,124,114,14,3,W 4
LAL,2020-10-04,19:30,21:56,146.0,Miami Heat,104,115,14,4,L 1
LAL,2020-10-06,21:00,23:29,149.0,Miami Heat,102,96,15,4,W 1
LAL,2020-10-09,21:00,23:28,148.0,Miami Heat,108,111,15,5,L 1
LAL,2020-10-11,19:30,21:51,141.0,Miami Heat,106,93,16,5,W 1
LAL,2021-05-23,15:30,17:53,143.0,Phoenix Suns,90,99,0,1,L 1
LAL,2021-05-25,22:00,00:37,157.0,Phoenix Suns,109,102,1,1,W 1
LAL,2021-05-27,22:00,00:35,155.0,Phoenix Suns,109,95,2,1,W 2
LAL,2021-05-30,15:30,17:46,136.0,Phoenix Suns,92,100,2,2,L 1
LAL,2021-06-01,22:00,00:19,139.0,Phoenix Suns,85,115,2,3,L 2
LAL,2021-06-03,22:30,00:58,148.0,Phoenix Suns,100,113,2,4,L 3
LAL,2023-04-16,15:00,17:20,140.0,Memphis Grizzlies,128,112,1,0,W 1
LAL,2023-04-19,19:30,21:54,144.0,Memphis Grizzlies,93,103,1,1,L 1
LAL,2023-04-22,22:00,00:33,153.0,Memphis Grizzlies,111,101,2,1,W 1
LAL,2023-04-24,22:00,00:54,174.0,Memphis Grizzlies,117,111,3,1,W 2
LAL,2023-04-26,19:30,21:45,135.0,Memphis Grizzlies,99,116,3,2,L 1
LAL,2023-04-28,22:30,00:44,134.0,Memphis Grizzlies,125,85,4,2,W 1
LAL,2023-05-02,22:00,00:21,141.0,Golden State Warriors,117,112,5,2,W 2
LAL,2023-05-04,21:00,23:23,143.0,Golden State Warriors,100,127,5,3,L 1
LAL,2023-05-06,20:30,23:03,153.0,Golden State Warriors,127,97,6,3,W 1
LAL,2023-05-08,22:00,00:26,146.0,Golden State Warriors,104,101,7,3,W 2
LAL,2023-05-10,22:00,00:21,141.0,Golden State Warriors,106,121,7,4,L 1
LAL,2023-05-12,22:00,00:26,146.0,Golden State Warriors,122,101,8,4,W 1
LAL,2023-05-16,20:30,23:04,154.0,Denver Nuggets,126,132,8,5,L 1
LAL,2023-05-18,20:30,22:59,149.0,Denver Nuggets,103,108,8,6,L 2
LAL,2023-05-20,20:30,22:49,139.0,Denver Nuggets,108,119,8,7,L 3
LAL,2023-05-22,20:30,23:02,152.0,Denver Nuggets,111,113,8,8,L 4
LAL,2024-04-20,20:30,22:41,131.0,Denver Nuggets,103,114,0,1,L 1
LAL,2024-04-22,22:00,00:19,139.0,Denver Nuggets,99,101,0,2,L 2
LAL,2024-04-25,22:00,00:18,138.0,Denver Nuggets,105,112,0,3,L 3
LAL,2024-04-27,20:30,22:49,139.0,Denver Nuggets,119,108,1,3,W 1
LAL,2024-04-29,22:00,00:19,139.0,Denver Nuggets,106,108,1,4,L 1
MEM,2021-05-23,21:30,00:01,151.0,Utah Jazz,112,109,1,0,W 1
MEM,2021-05-26,22:00,00:33,153.0,Utah Jazz,129,141,1,1,L 1
MEM,2021-05-29,21:30,23:48,138.0,Utah Jazz,111,121,1,2,L 2
MEM,2021-05-31,21:30,23:59,149.0,Utah Jazz,113,120,1,3,L 3
MEM,2021-06-02,21:30,23:39,129.0,Utah Jazz,110,126,1,4,L 4
MEM,2022-04-16,15:30,18:18,168.0,Minnesota Timberwolves,117,130,0,1,L 1
MEM,2022-04-19,20:30,22:57,147.0,Minnesota Timberwolves,124,96,1,1,W 1
MEM,2022-04-21,19:30,22:00,150.0,Minnesota Timberwolves,104,95,2,1,W 2
MEM,2022-04-23,22:00,00:57,177.0,Minnesota Timberwolves,118,119,2,2,L 1
MEM,2022-04-26,19:30,22:15,165.0,Minnesota Timberwolves,111,109,3,2,W 1
MEM,2022-04-29,21:00,23:32,152.0,Minnesota Timberwolves,114,106,4,2,W 2
MEM,2022-05-01,15:30,18:10,160.0,Golden State Warriors,116,117,4,3,L 1
MEM,2022-05-03,21:30,00:02,152.0,Golden State Warriors,106,101,5,3,W 1
MEM,2022-05-07,20:30,22:52,142.0,Golden State Warriors,112,142,5,4,L 1
MEM,2022-05-09,22:00,00:21,141.0,Golden State Warriors,98,101,5,5,L 2
MEM,2022-05-11,21:30,23:44,134.0,Golden State Warriors,134,95,6,5,W 1
MEM,2022-05-13,22:00,00:17,137.0,Golden State Warriors,96,110,6,6,L 1
MEM,2023-04-16,15:00,17:20,140.0,Los Angeles Lakers,112,128,0,1,L 1
MEM,2023-04-19,19:30,21:54,144.0,Los Angeles Lakers,103,93,1,1,W 1
MEM,2023-04-22,22:00,00:33,153.0,Los Angeles Lakers,101,111,1,2,L 1
MEM,2023-04-24,22:00,00:54,174.0,Los Angeles Lakers,111,117,1,3,L 2
MEM,2023-04-26,19:30,21:45,135.0,Los Angeles Lakers,116,99,2,3,W 1
MEM,2023-04-28,22:30,00:44,134.0,Los Angeles Lakers,85,125,2,4,L 1
MIA,2018-04-14,20:00,22:31,151.0,Philadelphia 76ers,103,130,0,1,L 1
MIA,2018-04-16,20:00,22:35,155.0,Philadelphia 76ers,113,103,1,1,W 1
MIA,2018-04-19,19:00,21:38,158.0,Philadelphia 76ers,108,128,1,2,L 1
MIA,2018-04-21,14:30,17:12,162.0,Philadelphia 76ers,102,106,1,3,L 2
MIA,2018-04-24,20:00,22:32,152.0,Philadelphia 76ers,91,104,1,4,L 3
MIA,2020-08-18,16:00,18:20,140.0,Indiana Pacers,113,101,1,0,W 1
MIA,2020-08-20,13:00,15:22,142.0,Indiana Pacers,109,100,2,0,W 2
MIA,2020-08-22,15:30,18:08,158.0,Indiana Pacers,124,115,3,0,W 3
MIA,2020-08-24,18:30,20:51,141.0,Indiana Pacers,99,87,4,0,W 4
MIA,2020-08-31,18:30,21:03,153.0,Milwaukee Bucks,115,104,5,0,W 5
MIA,2020-09-02,18:30,21:17,167.0,Milwaukee Bucks,116,114,6,0,W 6
MIA,2020-09-04,18:30,21:01,151.0,Milwaukee Bucks,115,100,7,0,W 7
MIA,2020-09-06,15:30,18:15,165.0,Milwaukee Bucks,115,118,7,1,L 1
MIA,2020-09-08,18:30,21:02,152.0,Milwaukee Bucks,103,94,8,1,W 1
MIA,2020-09-15,18:30,21:11,161.0,Boston Celtics,117,114,9,1,W 2
MIA,2020-09-17,19:00,21:22,142.0,Boston Celtics,106,101,10,1,W 3
MIA,2020-09-19,20:30,22:59,149.0,Boston Celtics,106,117,10,2,L 1
MIA,2020-09-23,20:30,23:05,155.0,Boston Celtics,112,109,11,2,W 1
MIA,2020-09-25,20:30,23:05,155.0,Boston Celtics,108,121,11,3,L 1
MIA,2020-09-27,19:30,21:49,139.0,Boston Celtics,125,113,12,3,W 1
MIA,2020-09-30,21:00,23:24,144.0,Los Angeles Lakers,98,116,12,4,L 1
MIA,2020-10-02,21:00,23:22,142.0,Los Angeles Lakers,114,124,12,5,L 2
MIA,2020-10-04,19:30,21:56,146.0,Los Angeles Lakers,115,104,13,5,W 1
MIA,2020-10-06,21:00,23:29,149.0,Los Angeles Lakers,96,102,13,6,L 1
MIA,2020-10-09,21:00,23:28,148.0,Los Angeles Lakers,111,108,14,6,W 1
MIA,2020-10-11,19:30,21:51,141.0,Los Angeles Lakers,93,106,14,7,L 1
MIA,2021-05-22,14:00,16:44,164.0,Milwaukee Bucks,107,109,0,1,L 1
MIA,2021-05-24,19:30,22:00,150.0,Milwaukee Bucks,98,132,0,2,L 2
MIA,2021-05-27,19:30,21:50,140.0,Milwaukee Bucks,84,113,0,3,L 3
MIA,2021-05-29,13:30,15:48,138.0,Milwaukee Bucks,103,120,0,4,L 4
MIA,2022-04-17,13:00,15:16,136.0,Atlanta Hawks,115,91,1,0,W 1
MIA,2022-04-19,19:30,22:00,150.0,Atlanta Hawks,115,105,2,0,W 2
MIA,2022-04-22,19:45,22:09,144.0,Atlanta Hawks,110,111,2,1,L 1
MIA,2022-04-24,19:00,21:21,141.0,Atlanta Hawks,110,86,3,1,W 1
MIA,2022-04-26,19:00,21:45,165.0,Atlanta Hawks,97,94,4,1,W 2
MIA,2022-05-02,19:30,21:48,138.0,Philadelphia 76ers,106,92,5,1,W 3
MIA,2022-05-04,19:30,21:57,147.0,Philadelphia 76ers,119,103,6,1,W 4
MIA,2022-05-06,19:00,21:26,146.0,Philadelphia 76ers,79,99,6,2,L 1
MIA,2022-05-08,20:00,22:34,154.0,Philadelphia 76ers,108,116,6,3,L 2
MIA,2022-05-10,19:30,21:46,136.0,Philadelphia 76ers,120,85,7,3,W 1
MIA,2022-05-12,19:00,21:16,136.0,Philadelphia 76ers,99,90,8,3,W 2
MIA,2022-05-17,20:30,23:09,159.0,Boston Celtics,118,107,9,3,W 3
MIA,2022-05-19,20:30,22:46,136.0,Boston Celtics,102,127,9,4,L 1
MIA,2022-05-21,20:30,23:07,157.0,Boston Celtics,109,103,10,4,W 1
MIA,2022-05-23,20:30,22:50,140.0,Boston Celtics,82,102,10,5,L 1
MIA,2022-05-25,20:30,22:50,140.0,Boston Celtics,80,93,10,6,L 2
MIA,2022-05-27,20:30,23:11,161.0,Boston Celtics,111,103,11,6,W 1
MIA,2022-05-29,20:30,23:00,150.0,Boston Celtics,96,100,11,7,L 1
MIA,2023-04-16,17:30,19:58,148.0,Milwaukee Bucks,130,117,1,0,W 1
MIA,2023-04-19,21:00,23:08,128.0,Milwaukee Bucks,122,138,1,1,L 1
MIA,2023-04-22,19:30,21:45,135.0,Milwaukee Bucks,121,99,2,1,W 1
MIA,2023-04-24,19:30,22:04,154.0,Milwaukee Bucks,119,114,3,1,W 2
MIA,2023-04-26,21:30,00:28,178.0,Milwaukee Bucks,128,126,4,1,W 3
MIA,2023-04-30,13:00,15:20,140.0,New York Knicks,108,101,5,1,W 4
MIA,2023-05-02,19:30,22:03,153.0,New York Knicks,105,111,5,2,L 1
MIA,2023-05-06,15:30,18:07,157.0,New York Knicks,105,86,6,2,W 1
MIA,2023-05-08,19:30,21:59,149.0,New York Knicks,109,101,7,2,W 2
MIA,2023-05-10,19:30,22:01,151.0,New York Knicks,103,112,7,3,L 1
MIA,2023-05-12,19:30,22:01,151.0,New York Knicks,96,92,8,3,W 1
MIA,2023-05-17,20:30,22:48,138.0,Boston Celtics,123,116,9,3,W 2
MIA,2023-05-19,20:30,22:52,142.0,Boston Celtics,111,105,10,3,W 3
MIA,2023-05-21,20:30,22:46,136.0,Boston Celtics,128,102,11,3,W 4
MIA,2023-05-23,20:30,22:52,142.0,Boston Celtics,99,116,11,4,L 1
MIA,2023-05-25,20:30,22:38,128.0,Boston Celtics,97,110,11,5,L 2
MIA,2023-05-27,20:30,23:10,160.0,Boston Celtics,103,104,11,6,L 3
MIA,2023-05-29,20:30,22:40,130.0,Boston Celtics,103,84,12,6,W 1
MIA,2023-06-01,20:30,22:34,124.0,Denver Nuggets,93,104,12,7,L 1
MIA,2023-06-04,20:00,22:24,144.0,Denver Nuggets,111,108,13,7,W 1
MIA,2023-06-07,20:30,22:55,145.0,Denver Nuggets,94,109,13,8,L 1
MIA,2023-06-09,20:30,22:59,149.0,Denver Nuggets,95,108,13,9,L 2
MIA,2023-06-12,20:30,22:52,142.0,Denver Nuggets,89,94,13,10,L 3
MIA,2024-04-21,13:00,15:09,129.0,Boston Celtics,94,114,0,1,L 1
MIA,2024-04-24,19:00,21:19,139.0,Boston Celtics,111,101,1,1,W 1
MIA,2024-04-27,18:00,20:11,131.0,Boston Celtics,84,104,1,2,L 1
MIA,2024-04-29,19:30,21:50,140.0,Boston Celtics,88,102,1,3,L 2
MIA,2024-05-01,19:30,21:41,131.0,Boston Celtics,84,118,1,4,L 3
MIL,2018-04-15,13:00,15:50,170.0,Boston Celtics,107,113,0,1,L 1
MIL,2018-04-17,20:00,22:16,136.0,Boston Celtics,106,120,0,2,L 2
MIL,2018-04-20,21:30,23:43,133.0,Boston Celtics,116,92,1,2,W 1
MIL,2018-04-22,13:00,15:25,145.0,Boston Celtics,104,102,2,2,W 2
MIL,2018-04-24,19:00,21:32,152.0,Boston Celtics,87,92,2,3,L 1
MIL,2018-04-26,20:00,22:20,140.0,Boston Celtics,97,86,3,3,W 1
MIL,2018-04-28,20:00,22:22,142.0,Boston Celtics,96,112,3,4,L 1
MIL,2019-04-14,19:00,21:13,133.0,Detroit Pistons,121,86,1,0,W 1
MIL,2019-04-17,20:00,22:18,138.0,Detroit Pistons,120,99,2,0,W 2
MIL,2019-04-20,20:00,22:20,140.0,Detroit Pistons,119,103,3,0,W 3
MIL,2019-04-22,20:00,22:30,150.0,Detroit Pistons,127,104,4,0,W 4
MIL,2019-04-28,13:00,15:05,125.0,Boston Celtics,90,112,4,1,L 1
MIL,2019-04-30,20:00,22:21,141.0,Boston Celtics,123,102,5,1,W 1
MIL,2019-05-03,20:00,22:33,153.0,Boston Celtics,123,116,6,1,W 2
MIL,2019-05-06,19:00,21:22,142.0,Boston Celtics,113,101,7,1,W 3
MIL,2019-05-08,20:00,22:24,144.0,Boston Celtics,116,91,8,1,W 4
MIL,2019-05-15,20:30,22:51,141.0,Toronto Raptors,108,100,9,1,W 5
MIL,2019-05-17,20:30,22:56,146.0,Toronto Raptors,125,103,10,1,W 6
MIL,2019-05-19,19:00,22:05,185.0,Toronto Raptors,112,118,10,2,L 1
MIL,2019-05-21,20:30,22:52,142.0,Toronto Raptors,102,120,10,3,L 2
MIL,2019-05-23,20:30,22:59,149.0,Toronto Raptors,99,105,10,4,L 3
MIL,2019-05-25,20:30,23:09,159.0,Toronto Raptors,94,100,10,5,L 4
MIL,2020-08-18,13:30,15:55,145.0,Orlando Magic,110,122,0,1,L 1
MIL,2020-08-20,18:00,20:21,141.0,Orlando Magic,111,96,1,1,W 1
MIL,2020-08-22,13:00,15:18,138.0,Orlando Magic,121,107,2,1,W 2
MIL,2020-08-24,13:30,15:47,137.0,Orlando Magic,121,106,3,1,W 3
MIL,2020-08-29,15:30,17:51,141.0,Orlando Magic,118,104,4,1,W 4
MIL,2020-08-31,18:30,21:03,153.0,Miami Heat,104,115,4,2,L 1
MIL,2020-09-02,18:30,21:17,167.0,Miami Heat,114,116,4,3,L 2
MIL,2020-09-04,18:30,21:01,151.0,Miami Heat,100,115,4,4,L 3
MIL,2020-09-06,15:30,18:15,165.0,Miami Heat,118,115,5,4,W 1
MIL,2020-09-08,18:30,21:02,152.0,Miami Heat,94,103,5,5,L 1
MIL,2021-05-22,14:00,16:44,164.0,Miami Heat,109,107,1,0,W 1
MIL,2021-05-24,19:30,22:00,150.0,Miami Heat,132,98,2,0,W 2
MIL,2021-05-27,19:30,21:50,140.0,Miami Heat,113,84,3,0,W 3
MIL,2021-05-29,13:30,15:48,138.0,Miami Heat,120,103,4,0,W 4
MIL,2021-06-05,19:30,21:50,140.0,Brooklyn Nets,107,115,4,1,L 1
MIL,2021-06-07,19:30,21:37,127.0,Brooklyn Nets,86,125,4,2,L 2
MIL,2021-06-10,19:30,21:55,145.0,Brooklyn Nets,86,83,5,2,W 1
MIL,2021-06-13,15:00,17:25,145.0,Brooklyn Nets,107,96,6,2,W 2
MIL,2021-06-15,20:30,23:01,151.0,Brooklyn Nets,108,114,6,3,L 1
MIL,2021-06-17,20:30,22:51,141.0,Brooklyn Nets,104,89,7,3,W 1
MIL,2021-06-19,20:30,23:24,174.0,Brooklyn Nets,115,111,8,3,W 2
MIL,2021-06-23,20:30,22:49,139.0,Atlanta Hawks,113,116,8,4,L 1
MIL,2021-06-25,20:30,22:48,138.0,Atlanta Hawks,125,91,9,4,W 1
MIL,2021-06-27,20:30,22:54,144.0,Atlanta Hawks,113,102,10,4,W 2
MIL,2021-06-29,20:30,22:50,140.0,Atlanta Hawks,88,110,10,5,L 1
MIL,2021-07-01,20:30,22:54,144.0,Atlanta Hawks,123,112,11,5,W 1
MIL,2021-07-03,20:30,22:53,143.0,Atlanta Hawks,118,107,12,5,W 2
MIL,2021-07-06,21:00,23:17,137.0,Phoenix Suns,105,118,12,6,L 1
MIL,2021-07-08,21:00,23:22,142.0,Phoenix Suns,108,118,12,7,L 2
MIL,2021-07-11,20:00,22:24,144.0,Phoenix Suns,120,100,13,7,W 1
MIL,2021-07-14,21:00,23:24,144.0,Phoenix Suns,109,103,14,7,W 2
MIL,2021-07-17,21:00,23:23,143.0,Phoenix Suns,123,119,15,7,W 3
MIL,2021-07-20,21:00,23:31,151.0,Phoenix Suns,105,98,16,7,W 4
MIL,2022-04-17,18:30,20:52,142.0,Chicago Bulls,93,86,1,0,W 1
MIL,2022-04-20,21:30,00:04,154.0,Chicago Bulls,110,114,1,1,L 1
MIL,2022-04-22,20:30,22:35,125.0,Chicago Bulls,111,81,2,1,W 1
MIL,2022-04-24,13:00,15:22,142.0,Chicago Bulls,119,95,3,1,W 2
MIL,2022-04-27,19:30,21:47,137.0,Chicago Bulls,116,100,4,1,W 3
MIL,2022-05-01,13:00,15:28,148.0,Boston Celtics,101,89,5,1,W 4
MIL,2022-05-03,19:00,21:31,151.0,Boston Celtics,86,109,5,2,L 1
MIL,2022-05-07,15:30,18:04,154.0,Boston Celtics,103,101,6,2,W 1
MIL,2022-05-09,19:30,22:03,153.0,Boston Celtics,108,116,6,3,L 1
MIL,2022-05-11,19:00,21:31,151.0,Boston Celtics,110,107,7,3,W 1
MIL,2022-05-13,19:30,21:57,147.0,Boston Celtics,95,108,7,4,L 1
MIL,2022-05-15,15:30,17:57,147.0,Boston Celtics,81,109,7,5,L 2
MIL,2023-04-16,17:30,19:58,148.0,Miami Heat,117,130,0,1,L 1
MIL,2023-04-19,21:00,23:08,128.0,Miami Heat,138,122,1,1,W 1
MIL,2023-04-22,19:30,21:45,135.0,Miami Heat,99,121,1,2,L 1
MIL,2023-04-24,19:30,22:04,154.0,Miami Heat,114,119,1,3,L 2
MIL,2023-04-26,21:30,00:28,178.0,Miami Heat,126,128,1,4,L 3
MIL,2024-04-21,19:00,21:17,137.0,Indiana Pacers,109,94,1,0,W 1
MIL,2024-04-23,20:30,22:51,141.0,Indiana Pacers,108,125,1,1,L 1
MIL,2024-04-26,17:30,20:20,170.0,Indiana Pacers,118,121,1,2,L 2
MIL,2024-04-28,19:00,21:25,145.0,Indiana Pacers,113,126,1,3,L 3
MIL,2024-04-30,21:30,23:55,145.0,Indiana Pacers,115,92,2,3,W 1
MIL,2024-05-02,18:30,20:57,147.0,Indiana Pacers,98,120,2,4,L 1
MIN,2018-04-15,21:00,23:21,141.0,Houston Rockets,101,104,0,1,L 1
MIN,2018-04-18,21:30,23:47,137.0,Houston Rockets,82,102,0,2,L 2
MIN,2018-04-21,19:30,21:46,136.0,Houston Rockets,121,105,1,2,W 1
MIN,2018-04-23,20:00,22:14,134.0,Houston Rockets,100,119,1,3,L 1
MIN,2018-04-25,21:30,23:45,135.0,Houston Rockets,104,122,1,4,L 2
MIN,2022-04-16,15:30,18:18,168.0,Memphis Grizzlies,130,117,1,0,W 1
MIN,2022-04-19,20:30,22:57,147.0,Memphis Grizzlies,96,124,1,1,L 1
MIN,2022-04-21,19:30,22:00,150.0,Memphis Grizzlies,95,104,1,2,L 2
MIN,2022-04-23,22:00,00:57,177.0,Memphis Grizzlies,119,118,2,2,W 1
MIN,2022-04-26,19:30,22:15,165.0,Memphis Grizzlies,109,111,2,3,L 1
MIN,2022-04-29,21:00,23:32,152.0,Memphis Grizzlies,106,114,2,4,L 2
MIN,2023-04-16,22:30,00:51,141.0,Denver Nuggets,80,109,0,1,L 1
MIN,2023-04-19,22:00,00:29,149.0,Denver Nuggets,113,122,0,2,L 2
MIN,2023-04-21,21:30,23:55,145.0,Denver Nuggets,111,120,0,3,L 3
MIN,2023-04-23,21:30,00:14,164.0,Denver Nuggets,114,108,1,3,W 1
MIN,2023-04-25,21:00,23:39,159.0,Denver Nuggets,109,112,1,4,L 1
MIN,2024-04-20,15:30,18:05,155.0,Phoenix Suns,120,95,1,0,W 1
MIN,2024-04-23,19:30,22:02,152.0,Phoenix Suns,105,93,2,0,W 2
MIN,2024-04-26,22:30,01:04,154.0,Phoenix Suns,126,109,3,0,W 3
MIN,2024-04-28,21:30,00:18,168.0,Phoenix Suns,122,116,4,0,W 4
MIN,2024-05-04,19:00,21:18,138.0,Denver Nuggets,106,99,5,0,W 5
MIN,2024-05-06,22:00,00:19,139.0,Denver Nuggets,106,80,6,0,W 6
MIN,2024-05-10,21:30,00:00,150.0,Denver Nuggets,90,117,6,1,L 1
MIN,2024-05-12,20:00,22:23,143.0,Denver Nuggets,107,115,6,2,L 2
MIN,2024-05-14,22:30,00:52,142.0,Denver Nuggets,97,112,6,3,L 3
MIN,2024-05-16,20:30,22:42,132.0,Denver Nuggets,115,70,7,3,W 1
MIN,2024-05-19,20:00,22:25,145.0,Denver Nuggets,98,90,8,3,W 2
MIN,2024-05-22,20:30,22:56,146.0,Dallas Mavericks,105,108,8,4,L 1
MIN,2024-05-24,20:30,22:59,149.0,Dallas Mavericks,108,109,8,5,L 2
MIN,2024-05-26,20:00,22:31,151.0,Dallas Mavericks,107,116,8,6,L 3
MIN,2024-05-28,20:30,23:05,155.0,Dallas Mavericks,105,100,9,6,W 1
MIN,2024-05-30,20:30,22:51,141.0,Dallas Mavericks,103,124,9,7,L 1
NOP,2018-04-14,22:30,00:42,132.0,Portland Trail Blazers,97,95,1,0,W 1
NOP,2018-04-17,22:30,00:44,134.0,Portland Trail Blazers,111,102,2,0,W 2
NOP,2018-04-19,21:00,23:17,137.0,Portland Trail Blazers,119,102,3,0,W 3
NOP,2018-04-21,17:00,19:35,155.0,Portland Trail Blazers,131,123,4,0,W 4
NOP,2018-04-28,22:30,00:48,138.0,Golden State Warriors,101,123,4,1,L 1
NOP,2018-05-01,22:30,00:57,147.0,Golden State Warriors,116,121,4,2,L 2
NOP,2018-05-04,20:00,22:11,131.0,Golden State Warriors,119,100,5,2,W 1
NOP,2018-05-06,15:30,17:47,137.0,Golden State Warriors,92,118,5,3,L 1
NOP,2018-05-08,22:30,00:45,135.0,Golden State Warriors,104,113,5,4,L 2
NOP,2022-04-17,21:00,23:24,144.0,Phoenix Suns,99,110,0,1,L 1
NOP,2022-04-19,22:00,00:17,137.0,Phoenix Suns,125,114,1,1,W 1
NOP,2022-04-22,22:00,00:38,158.0,Phoenix Suns,111,114,1,2,L 1
NOP,2022-04-24,21:30,00:02,152.0,Phoenix Suns,118,103,2,2,W 1
NOP,2022-04-26,22:00,00:25,145.0,Phoenix Suns,97,112,2,3,L 1
NOP,2022-04-28,19:30,21:53,143.0,Phoenix Suns,109,115,2,4,L 2
NOP,2024-04-21,21:30,23:51,141.0,Oklahoma City Thunder,92,94,0,1,L 1
NOP,2024-04-24,21:30,23:48,138.0,Oklahoma City Thunder,92,124,0,2,L 2
NOP,2024-04-27,15:30,17:47,137.0,Oklahoma City Thunder,85,106,0,3,L 3
NOP,2024-04-29,20:30,22:54,144.0,Oklahoma City Thunder,89,97,0,4,L 4
NYK,2021-05-23,19:00,21:20,140.0,Atlanta Hawks,105,107,0,1,L 1
NYK,2021-05-26,19:30,21:56,146.0,Atlanta Hawks,101,92,1,1,W 1
NYK,2021-05-28,19:00,21:22,142.0,Atlanta Hawks,94,105,1,2,L 1
NYK,2021-05-30,13:00,15:19,139.0,Atlanta Hawks,96,113,1,3,L 2
NYK,2021-06-02,19:30,21:52,142.0,Atlanta Hawks,89,103,1,4,L 3
NYK,2023-04-15,18:00,20:26,146.0,Cleveland Cavaliers,101,97,1,0,W 1
NYK,2023-04-18,19:30,21:51,141.0,Cleveland Cavaliers,90,107,1,1,L 1
NYK,2023-04-21,20:30,22:44,134.0,Cleveland Cavaliers,99,79,2,1,W 1
NYK,2023-04-23,13:00,15:22,142.0,Cleveland Cavaliers,102,93,3,1,W 2
NYK,2023-04-26,19:00,21:25,145.0,Cleveland Cavaliers,106,95,4,1,W 3
NYK,2023-04-30,13:00,15:20,140.0,Miami Heat,101,108,4,2,L 1
NYK,2023-05-02,19:30,22:03,153.0,Miami Heat,111,105,5,2,W 1
NYK,2023-05-06,15:30,18:07,157.0,Miami Heat,86,105,5,3,L 1
NYK,2023-05-08,19:30,21:59,149.0,Miami Heat,101,109,5,4,L 2
NYK,2023-05-10,19:30,22:01,151.0,Miami Heat,112,103,6,4,W 1
NYK,2023-05-12,19:30,22:01,151.0,Miami Heat,92,96,6,5,L 1
NYK,2024-04-20,18:00,20:30,150.0,Philadelphia 76ers,111,104,1,0,W 1
NYK,2024-04-22,19:30,22:05,155.0,Philadelphia 76ers,104,101,2,0,W 2
NYK,2024-04-25,19:30,22:06,156.0,Philadelphia 76ers,114,125,2,1,L 1
NYK,2024-04-28,13:00,15:41,161.0,Philadelphia 76ers,97,92,3,1,W 1
NYK,2024-04-30,19:00,21:49,169.0,Philadelphia 76ers,106,112,3,2,L 1
NYK,2024-05-02,21:00,23:37,157.0,Philadelphia 76ers,118,115,4,2,W 1
NYK,2024-05-06,19:30,22:00,150.0,Indiana Pacers,121,117,5,2,W 2
NYK,2024-05-08,20:00,22:22,142.0,Indiana Pacers,130,121,6,2,W 3
NYK,2024-05-10,19:00,21:27,147.0,Indiana Pacers,106,111,6,3,L 1
NYK,2024-05-12,15:30,17:45,135.0,Indiana Pacers,89,121,6,4,L 2
NYK,2024-05-14,20:00,22:36,156.0,Indiana Pacers,121,91,7,4,W 1
NYK,2024-05-17,20:30,22:51,141.0,Indiana Pacers,103,116,7,5,L 1
NYK,2024-05-19,15:30,17:53,143.0,Indiana Pacers,109,130,7,6,L 2
OKC,2018-04-15,18:30,20:53,143.0,Utah Jazz,116,108,1,0,W 1
OKC,2018-04-18,20:00,22:26,146.0,Utah Jazz,95,102,1,1,L 1
OKC,2018-04-21,22:00,00:21,141.0,Utah Jazz,102,115,1,2,L 2
OKC,2018-04-23,22:30,01:07,157.0,Utah Jazz,96,113,1,3,L 3
OKC,2018-04-25,21:30,23:58,148.0,Utah Jazz,107,99,2,3,W 1
OKC,2018-04-27,22:30,00:58,148.0,Utah Jazz,91,96,2,4,L 1
OKC,2019-04-14,15:30,17:56,146.0,Portland Trail Blazers,99,104,0,1,L 1
OKC,2019-04-16,22:30,00:58,148.0,Portland Trail Blazers,94,114,0,2,L 2
OKC,2019-04-19,21:30,00:00,150.0,Portland Trail Blazers,120,108,1,2,W 1
OKC,2019-04-21,21:30,23:50,140.0,Portland Trail Blazers,98,111,1,3,L 1
OKC,2019-04-23,22:30,00:50,140.0,Portland Trail Blazers,115,118,1,4,L 2
OKC,2020-08-18,18:30,20:50,140.0,Houston Rockets,108,123,0,1,L 1
OKC,2020-08-20,15:30,17:55,145.0,Houston Rockets,98,111,0,2,L 2
OKC,2020-08-22,18:00,20:46,166.0,Houston Rockets,119,107,1,2,W 1
OKC,2020-08-24,16:00,18:26,146.0,Houston Rockets,117,114,2,2,W 2
OKC,2020-08-29,18:30,20:48,138.0,Houston Rockets,80,114,2,3,L 1
OKC,2020-08-31,21:00,23:24,144.0,Houston Rockets,104,100,3,3,W 1
OKC,2020-09-02,21:00,23:30,150.0,Houston Rockets,102,104,3,4,L 1
OKC,2024-04-21,21:30,23:51,141.0,New Orleans Pelicans,94,92,1,0,W 1
OKC,2024-04-24,21:30,23:48,138.0,New Orleans Pelicans,124,92,2,0,W 2
OKC,2024-04-27,15:30,17:47,137.0,New Orleans Pelicans,106,85,3,0,W 3
OKC,2024-04-29,20:30,22:54,144.0,New Orleans Pelicans,97,89,4,0,W 4
OKC,2024-05-07,21:30,23:53,143.0,Dallas Mavericks,117,95,5,0,W 5
OKC,2024-05-09,21:30,23:57,147.0,Dallas Mavericks,110,119,5,1,L 1
OKC,2024-05-11,15:30,17:55,145.0,Dallas Mavericks,101,105,5,2,L 2
OKC,2024-05-13,21:30,00:09,159.0,Dallas Mavericks,100,96,6,2,W 1
OKC,2024-05-15,21:30,23:42,132.0,Dallas Mavericks,92,104,6,3,L 1
OKC,2024-05-18,20:00,22:26,146.0,Dallas Mavericks,116,117,6,4,L 2
ORL,2019-04-13,17:00,19:14,134.0,Toronto Raptors,104,101,1,0,W 1
ORL,2019-04-16,20:00,22:18,138.0,Toronto Raptors,82,111,1,1,L 1
ORL,2019-04-19,19:00,21:16,136.0,Toronto Raptors,93,98,1,2,L 2
ORL,2019-04-21,19:00,21:10,130.0,Toronto Raptors,85,107,1,3,L 3
ORL,2019-04-23,19:00,21:18,138.0,Toronto Raptors,96,115,1,4,L 4
ORL,2020-08-18,13:30,15:55,145.0,Milwaukee Bucks,122,110,1,0,W 1
ORL,2020-08-20,18:00,20:21,141.0,Milwaukee Bucks,96,111,1,1,L 1
ORL,2020-08-22,13:00,15:18,138.0,Milwaukee Bucks,107,121,1,2,L 2
ORL,2020-08-24,13:30,15:47,137.0,Milwaukee Bucks,106,121,1,3,L 3
ORL,2020-08-29,15:30,17:51,141.0,Milwaukee Bucks,104,118,1,4,L 4
ORL,2024-04-20,13:00,15:32,152.0,Cleveland Cavaliers,83,97,0,1,L 1
ORL,2024-04-22,19:00,21:31,151.0,Cleveland Cavaliers,86,96,0,2,L 2
ORL,2024-04-25,19:00,21:10,130.0,Cleveland Cavaliers,121,83,1,2,W 1
ORL,2024-04-27,13:00,15:20,140.0,Cleveland Cavaliers,112,89,2,2,W 2
ORL,2024-04-30,20:00,22:31,151.0,Cleveland Cavaliers,103,104,2,3,L 1
ORL,2024-05-03,19:00,21:28,148.0,Cleveland Cavaliers,103,96,3,3,W 1
ORL,2024-05-05,13:00,15:37,157.0,Cleveland Cavaliers,94,106,3,4,L 1
PHI,2018-04-14,20:00,22:31,151.0,Miami Heat,130,103,1,0,W 1
PHI,2018-04-16,20:00,22:35,155.0,Miami Heat,103,113,1,1,L 1
PHI,2018-04-19,19:00,21:38,158.0,Miami Heat,128,108,2,1,W 1
PHI,2018-04-21,14:30,17:12,162.0,Miami Heat,106,102,3,1,W 2
PHI,2018-04-24,20:00,22:32,152.0,Miami Heat,104,91,4,1,W 3
PHI,2018-04-30,20:00,22:22,142.0,Boston Celtics,101,117,4,2,L 1
PHI,2018-05-03,20:30,22:53,143.0,Boston Celtics,103,108,4,3,L 2
PHI,2018-05-05,17:00,19:43,163.0,Boston Celtics,98,101,4,4,L 3
PHI,2018-05-07,18:00,20:27,147.0,Boston Celtics,103,92,5,4,W 1
PHI,2018-05-09,20:00,22:39,159.0,Boston Celtics,112,114,5,5,L 1
PHI,2019-04-13,14:30,17:04,154.0,Brooklyn Nets,102,111,0,1,L 1
PHI,2019-04-15,20:00,22:28,148.0,Brooklyn Nets,145,123,1,1,W 1
PHI,2019-04-18,20:00,22:30,150.0,Brooklyn Nets,131,115,2,1,W 2
PHI,2019-04-20,15:00,17:33,153.0,Brooklyn Nets,112,108,3,1,W 3
PHI,2019-04-23,20:00,22:18,138.0,Brooklyn Nets,122,100,4,1,W 4
PHI,2019-04-27,19:30,21:55,145.0,Toronto Raptors,95,108,4,2,L 1
PHI,2019-04-29,20:00,22:26,146.0,Toronto Raptors,94,89,5,2,W 1
PHI,2019-05-02,20:00,22:23,143.0,Toronto Raptors,116,95,6,2,W 2
PHI,2019-05-05,15:30,18:05,155.0,Toronto Raptors,96,101,6,3,L 1
PHI,2019-05-07,20:00,22:21,141.0,Toronto Raptors,89,125,6,4,L 2
PHI,2019-05-09,20:00,22:26,146.0,Toronto Raptors,112,101,7,4,W 1
PHI,2019-05-12,19:00,21:30,150.0,Toronto Raptors,90,92,7,5,L 1
PHI,2020-08-17,18:30,20:55,145.0,Boston Celtics,101,109,0,1,L 1
PHI,2020-08-19,18:30,20:51,141.0,Boston Celtics,101,128,0,2,L 2
PHI,2020-08-21,18:30,20:59,149.0,Boston Celtics,94,102,0,3,L 3
PHI,2020-08-23,13:00,15:37,157.0,Boston Celtics,106,110,0,4,L 4
PHI,2021-05-23,13:00,15:29,149.0,Washington Wizards,125,118,1,0,W 1
PHI,2021-05-26,19:00,21:21,141.0,Washington Wizards,120,95,2,0,W 2
PHI,2021-05-29,19:00,21:14,134.0,Washington Wizards,132,103,3,0,W 3
PHI,2021-05-31,19:00,21:42,162.0,Washington Wizards,114,122,3,1,L 1
PHI,2021-06-02,19:00,21:34,154.0,Washington Wizards,129,112,4,1,W 1
PHI,2021-06-06,13:00,15:30,150.0,Atlanta Hawks,124,128,4,2,L 1
PHI,2021-06-08,19:30,21:57,147.0,Atlanta Hawks,118,102,5,2,W 1
PHI,2021-06-11,19:30,22:03,153.0,Atlanta Hawks,127,111,6,2,W 2
PHI,2021-06-14,19:30,22:03,153.0,Atlanta Hawks,100,103,6,3,L 1
PHI,2021-06-16,19:30,22:10,160.0,Atlanta Hawks,106,109,6,4,L 2
PHI,2021-06-18,19:30,22:06,156.0,Atlanta Hawks,104,99,7,4,W 1
PHI,2021-06-20,20:00,22:35,155.0,Atlanta Hawks,96,103,7,5,L 1
PHI,2022-04-16,18:00,20:26,146.0,Toronto Raptors,131,111,1,0,W 1
PHI,2022-04-18,19:30,21:53,143.0,Toronto Raptors,112,97,2,0,W 2
PHI,2022-04-20,20:00,22:37,157.0,Toronto Raptors,104,101,3,0,W 3
PHI,2022-04-23,14:00,16:28,148.0,Toronto Raptors,102,110,3,1,L 1
PHI,2022-04-25,20:00,22:13,133.0,Toronto Raptors,88,103,3,2,L 2
PHI,2022-04-28,19:00,21:27,147.0,Toronto Raptors,132,97,4,2,W 1
PHI,2022-05-02,19:30,21:48,138.0,Miami Heat,92,106,4,3,L 1
PHI,2022-05-04,19:30,21:57,147.0,Miami Heat,103,119,4,4,L 2
PHI,2022-05-06,19:00,21:26,146.0,Miami Heat,99,79,5,4,W 1
PHI,2022-05-08,20:00,22:34,154.0,Miami Heat,116,108,6,4,W 2
PHI,2022-05-10,19:30,21:46,136.0,Miami Heat,85,120,6,5,L 1
PHI,2022-05-12,19:00,21:16,136.0,Miami Heat,90,99,6,6,L 2
PHI,2023-04-15,13:00,15:14,134.0,Brooklyn Nets,121,101,1,0,W 1
PHI,2023-04-17,19:30,21:50,140.0,Brooklyn Nets,96,84,2,0,W 2
PHI,2023-04-20,19:30,21:58,148.0,Brooklyn Nets,102,97,3,0,W 3
PHI,2023-04-22,13:00,15:19,139.0,Brooklyn Nets,96,88,4,0,W 4
PHI,2023-05-01,19:30,21:46,136.0,Boston Celtics,119,115,5,0,W 5
PHI,2023-05-03,20:00,22:13,133.0,Boston Celtics,87,121,5,1,L 1
PHI,2023-05-05,19:30,21:52,142.0,Boston Celtics,102,114,5,2,L 2
PHI,2023-05-07,15:30,18:05,155.0,Boston Celtics,116,115,6,2,W 1
PHI,2023-05-09,19:30,21:55,145.0,Boston Celtics,115,103,7,2,W 2
PHI,2023-05-11,19:30,21:50,140.0,Boston Celtics,86,95,7,3,L 1
PHI,2023-05-14,15:30,17:53,143.0,Boston Celtics,88,112,7,4,L 2
PHI,2024-04-20,18:00,20:30,150.0,New York Knicks,104,111,0,1,L 1
PHI,2024-04-22,19:30,22:05,155.0,New York Knicks,101,104,0,2,L 2
PHI,2024-04-25,19:30,22:06,156.0,New York Knicks,125,114,1,2,W 1
PHI,2024-04-28,13:00,15:41,161.0,New York Knicks,92,97,1,3,L 1
PHI,2024-04-30,19:00,21:49,169.0,New York Knicks,112,106,2,3,W 1
PHI,2024-05-02,21:00,23:37,157.0,New York Knicks,115,118,2,4,L 1
PHO,2021-05-23,15:30,17:53,143.0,Los Angeles Lakers,99,90,1,0,W 1
PHO,2021-05-25,22:00,00:37,157.0,Los Angeles Lakers,102,109,1,1,L 1
PHO,2021-05-27,22:00,00:35,155.0,Los Angeles Lakers,95,109,1,2,L 2
PHO,2021-05-30,15:30,17:46,136.0,Los Angeles Lakers,100,92,2,2,W 1
PHO,2021-06-01,22:00,00:19,139.0,Los Angeles Lakers,115,85,3,2,W 2
PHO,2021-06-03,22:30,00:58,148.0,Los Angeles Lakers,113,100,4,2,W 3
PHO,2021-06-07,22:00,00:06,126.0,Denver Nuggets,122,105,5,2,W 4
PHO,2021-06-09,21:30,23:45,135.0,Denver Nuggets,123,98,6,2,W 5
PHO,2021-06-11,22:00,00:10,130.0,Denver Nuggets,116,102,7,2,W 6
PHO,2021-06-13,20:00,22:33,153.0,Denver Nuggets,125,118,8,2,W 7
PHO,2021-06-20,15:30,17:40,130.0,Los Angeles Clippers,120,114,9,2,W 8
PHO,2021-06-22,21:00,23:48,168.0,Los Angeles Clippers,104,103,10,2,W 9
PHO,2021-06-24,21:00,23:19,139.0,Los Angeles Clippers,92,106,10,3,L 1
PHO,2021-06-26,21:00,23:38,158.0,Los Angeles Clippers,84,80,11,3,W 1
PHO,2021-06-28,21:00,23:21,141.0,Los Angeles Clippers,102,116,11,4,L 1
PHO,2021-06-30,21:00,23:30,150.0,Los Angeles Clippers,130,103,12,4,W 1
PHO,2021-07-06,21:00,23:17,137.0,Milwaukee Bucks,118,105,13,4,W 2
PHO,2021-07-08,21:00,23:22,142.0,Milwaukee Bucks,118,108,14,4,W 3
PHO,2021-07-11,20:00,22:24,144.0,Milwaukee Bucks,100,120,14,5,L 1
PHO,2021-07-14,21:00,23:24,144.0,Milwaukee Bucks,103,109,14,6,L 2
PHO,2021-07-17,21:00,23:23,143.0,Milwaukee Bucks,119,123,14,7,L 3
PHO,2021-07-20,21:00,23:31,151.0,Milwaukee Bucks,98,105,14,8,L 4
PHO,2022-04-17,21:00,23:24,144.0,New Orleans Pelicans,110,99,1,0,W 1
PHO,2022-04-19,22:00,00:17,137.0,New Orleans Pelicans,114,125,1,1,L 1
PHO,2022-04-22,22:00,00:38,158.0,New Orleans Pelicans,114,111,2,1,W 1
PHO,2022-04-24,21:30,00:02,152.0,New Orleans Pelicans,103,118,2,2,L 1
PHO,2022-04-26,22:00,00:25,145.0,New Orleans Pelicans,112,97,3,2,W 1
PHO,2022-04-28,19:30,21:53,143.0,New Orleans Pelicans,115,109,4,2,W 2
PHO,2022-05-02,22:00,00:24,144.0,Dallas Mavericks,121,114,5,2,W 3
PHO,2022-05-04,22:00,00:24,144.0,Dallas Mavericks,129,109,6,2,W 4
PHO,2022-05-06,21:30,23:42,132.0,Dallas Mavericks,94,103,6,3,L 1
PHO,2022-05-08,15:30,17:52,142.0,Dallas Mavericks,101,111,6,4,L 2
PHO,2022-05-10,22:00,00:19,139.0,Dallas Mavericks,110,80,7,4,W 1
PHO,2022-05-12,21:30,23:53,143.0,Dallas Mavericks,86,113,7,5,L 1
PHO,2022-05-15,20:00,22:07,127.0,Dallas Mavericks,90,123,7,6,L 2
PHO,2023-04-16,20:00,22:31,151.0,Los Angeles Clippers,110,115,0,1,L 1
PHO,2023-04-18,22:00,00:27,147.0,Los Angeles Clippers,123,109,1,1,W 1
PHO,2023-04-20,22:30,00:58,148.0,Los Angeles Clippers,129,124,2,1,W 2
PHO,2023-04-22,15:30,17:43,133.0,Los Angeles Clippers,112,100,3,1,W 3
PHO,2023-04-25,22:00,00:34,154.0,Los Angeles Clippers,136,130,4,1,W 4
PHO,2023-04-29,20:30,22:50,140.0,Denver Nuggets,107,125,4,2,L 1
PHO,2023-05-01,22:00,00:17,137.0,Denver Nuggets,87,97,4,3,L 2
PHO,2023-05-05,22:00,00:28,148.0,Denver Nuggets,121,114,5,3,W 1
PHO,2023-05-07,20:00,22:23,143.0,Denver Nuggets,129,124,6,3,W 2
PHO,2023-05-09,22:00,00:23,143.0,Denver Nuggets,102,118,6,4,L 1
PHO,2023-05-11,22:00,00:20,140.0,Denver Nuggets,100,125,6,5,L 2
PHO,2024-04-20,15:30,18:05,155.0,Minnesota Timberwolves,95,120,0,1,L 1
PHO,2024-04-23,19:30,22:02,152.0,Minnesota Timberwolves,93,105,0,2,L 2
PHO,2024-04-26,22:30,01:04,154.0,Minnesota Timberwolves,109,126,0,3,L 3
PHO,2024-04-28,21:30,00:18,168.0,Minnesota Timberwolves,116,122,0,4,L 4
POR,2018-04-14,22:30,00:42,132.0,New Orleans Pelicans,95,97,0,1,L 1
POR,2018-04-17,22:30,00:44,134.0,New Orleans Pelicans,102,111,0,2,L 2
POR,2018-04-19,21:00,23:17,137.0,New Orleans Pelicans,102,119,0,3,L 3
POR,2018-04-21,17:00,19:35,155.0,New Orleans Pelicans,123,131,0,4,L 4
POR,2019-04-14,15:30,17:56,146.0,Oklahoma City Thunder,104,99,1,0,W 1
POR,2019-04-16,22:30,00:58,148.0,Oklahoma City Thunder,114,94,2,0,W 2
POR,2019-04-19,21:30,00:00,150.0,Oklahoma City Thunder,108,120,2,1,L 1
POR,2019-04-21,21:30,23:50,140.0,Oklahoma City Thunder,111,98,3,1,W 1
POR,2019-04-23,22:30,00:50,140.0,Oklahoma City Thunder,118,115,4,1,W 2
POR,2019-04-29,22:30,00:52,142.0,Denver Nuggets,113,121,4,2,L 1
POR,2019-05-01,21:00,23:32,152.0,Denver Nuggets,97,90,5,2,W 1
POR,2019-05-03,22:30,01:55,205.0,Denver Nuggets,140,137,6,2,W 2
POR,2019-05-05,19:00,21:36,156.0,Denver Nuggets,112,116,6,3,L 1
POR,2019-05-07,22:30,00:54,144.0,Denver Nuggets,98,124,6,4,L 2
POR,2019-05-09,22:30,00:53,143.0,Denver Nuggets,119,108,7,4,W 1
POR,2019-05-12,15:30,18:01,151.0,Denver Nuggets,100,96,8,4,W 2
POR,2019-05-14,21:00,23:17,137.0,Golden State Warriors,94,116,8,5,L 1
POR,2019-05-16,21:00,23:18,138.0,Golden State Warriors,111,114,8,6,L 2
POR,2019-05-18,21:00,23:23,143.0,Golden State Warriors,99,110,8,7,L 3
POR,2019-05-20,21:00,23:29,149.0,Golden State Warriors,117,119,8,8,L 4
POR,2020-08-18,21:00,23:38,158.0,Los Angeles Lakers,100,93,1,0,W 1
POR,2020-08-20,21:00,23:12,132.0,Los Angeles Lakers,88,111,1,1,L 1
POR,2020-08-22,20:30,22:54,144.0,Los Angeles Lakers,108,116,1,2,L 2
POR,2020-08-24,21:00,23:27,147.0,Los Angeles Lakers,115,135,1,3,L 3
POR,2020-08-29,21:00,23:33,153.0,Los Angeles Lakers,122,131,1,4,L 4
POR,2021-05-22,22:30,00:38,128.0,Denver Nuggets,123,109,1,0,W 1
POR,2021-05-24,22:00,00:32,152.0,Denver Nuggets,109,128,1,1,L 1
POR,2021-05-27,22:30,00:58,148.0,Denver Nuggets,115,120,1,2,L 2
POR,2021-05-29,16:00,18:15,135.0,Denver Nuggets,115,95,2,2,W 1
POR,2021-06-01,21:00,00:03,183.0,Denver Nuggets,140,147,2,3,L 1
POR,2021-06-03,20:00,22:18,138.0,Denver Nuggets,115,126,2,4,L 2
SAC,2023-04-15,20:30,22:59,149.0,Golden State Warriors,126,123,1,0,W 1
SAC,2023-04-17,22:00,00:34,154.0,Golden State Warriors,114,106,2,0,W 2
SAC,2023-04-20,22:00,00:24,144.0,Golden State Warriors,97,114,2,1,L 1
SAC,2023-04-23,15:30,18:01,151.0,Golden State Warriors,125,126,2,2,L 2
SAC,2023-04-26,22:00,00:31,151.0,Golden State Warriors,116,123,2,3,L 3
SAC,2023-04-28,20:00,22:33,153.0,Golden State Warriors,118,99,3,3,W 1
SAC,2023-04-30,15:30,17:59,149.0,Golden State Warriors,100,120,3,4,L 1
SAS,2018-04-14,15:00,17:17,137.0,Golden State Warriors,92,113,0,1,L 1
SAS,2018-04-16,22:30,01:00,150.0,Golden State Warriors,101,116,0,2,L 2
SAS,2018-04-19,21:30,23:44,134.0,Golden State Warriors,97,110,0,3,L 3
SAS,2018-04-22,15:30,17:43,133.0,Golden State Warriors,103,90,1,3,W 1
SAS,2018-04-24,22:30,00:55,145.0,Golden State Warriors,91,99,1,4,L 1
SAS,2019-04-13,22:30,00:47,137.0,Denver Nuggets,101,96,1,0,W 1
SAS,2019-04-16,21:00,23:16,136.0,Denver Nuggets,105,114,1,1,L 1
SAS,2019-04-18,21:00,23:15,135.0,Denver Nuggets,118,108,2,1,W 1
SAS,2019-04-20,17:30,19:50,140.0,Denver Nuggets,103,117,2,2,L 1
SAS,2019-04-23,21:30,23:40,130.0,Denver Nuggets,90,108,2,3,L 2
SAS,2019-04-25,20:00,22:17,137.0,Denver Nuggets,120,103,3,3,W 1
SAS,2019-04-27,22:00,00:27,147.0,Denver Nuggets,86,90,3,4,L 1
TOR,2018-04-14,17:30,19:50,140.0,Washington Wizards,114,106,1,0,W 1
TOR,2018-04-17,19:00,21:27,147.0,Washington Wizards,130,119,2,0,W 2
TOR,2018-04-20,20:00,22:31,151.0,Washington Wizards,103,122,2,1,L 1
TOR,2018-04-22,18:00,20:38,158.0,Washington Wizards,98,106,2,2,L 2
TOR,2018-04-25,19:00,21:23,143.0,Washington Wizards,108,98,3,2,W 1
TOR,2018-04-27,19:00,21:18,138.0,Washington Wizards,102,92,4,2,W 2
TOR,2018-05-01,20:00,22:53,173.0,Cleveland Cavaliers,112,113,4,3,L 1
TOR,2018-05-03,18:00,20:19,139.0,Cleveland Cavaliers,110,128,4,4,L 2
TOR,2018-05-05,20:30,23:06,156.0,Cleveland Cavaliers,103,105,4,5,L 3
TOR,2018-05-07,20:30,22:57,147.0,Cleveland Cavaliers,93,128,4,6,L 4
TOR,2019-04-13,17:00,19:14,134.0,Orlando Magic,101,104,0,1,L 1
TOR,2019-04-16,20:00,22:18,138.0,Orlando Magic,111,82,1,1,W 1
TOR,2019-04-19,19:00,21:16,136.0,Orlando Magic,98,93,2,1,W 2
TOR,2019-04-21,19:00,21:10,130.0,Orlando Magic,107,85,3,1,W 3
TOR,2019-04-23,19:00,21:18,138.0,Orlando Magic,115,96,4,1,W 4
TOR,2019-04-27,19:30,21:55,145.0,Philadelphia 76ers,108,95,5,1,W 5
TOR,2019-04-29,20:00,22:26,146.0,Philadelphia 76ers,89,94,5,2,L 1
TOR,2019-05-02,20:00,22:23,143.0,Philadelphia 76ers,95,116,5,3,L 2
TOR,2019-05-05,15:30,18:05,155.0,Philadelphia 76ers,101,96,6,3,W 1
TOR,2019-05-07,20:00,22:21,141.0,Philadelphia 76ers,125,89,7,3,W 2
TOR,2019-05-09,20:00,22:26,146.0,Philadelphia 76ers,101,112,7,4,L 1
TOR,2019-05-12,19:00,21:30,150.0,Philadelphia 76ers,92,90,8,4,W 1
TOR,2019-05-15,20:30,22:51,141.0,Milwaukee Bucks,100,108,8,5,L 1
TOR,2019-05-17,20:30,22:56,146.0,Milwaukee Bucks,103,125,8,6,L 2
TOR,2019-05-19,19:00,22:05,185.0,Milwaukee Bucks,118,112,9,6,W 1
TOR,2019-05-21,20:30,22:52,142.0,Milwaukee Bucks,120,102,10,6,W 2
TOR,2019-05-23,20:30,22:59,149.0,Milwaukee Bucks,105,99,11,6,W 3
TOR,2019-05-25,20:30,23:09,159.0,Milwaukee Bucks,100,94,12,6,W 4
TOR,2019-05-30,21:00,23:25,145.0,Golden State Warriors,118,109,13,6,W 5
TOR,2019-06-02,20:00,22:36,156.0,Golden State Warriors,104,109,13,7,L 1
TOR,2019-06-05,21:00,23:27,147.0,Golden State Warriors,123,109,14,7,W 1
TOR,2019-06-07,21:00,23:26,146.0,Golden State Warriors,105,92,15,7,W 2
TOR,2019-06-10,21:00,23:26,146.0,Golden State Warriors,105,106,15,8,L 1
TOR,2019-06-13,21:00,23:37,157.0,Golden State Warriors,114,110,16,8,W 1
TOR,2020-08-17,16:00,18:26,146.0,Brooklyn Nets,134,110,1,0,W 1
TOR,2020-08-19,13:30,16:02,152.0,Brooklyn Nets,104,99,2,0,W 2
TOR,2020-08-21,13:30,15:38,128.0,Brooklyn Nets,117,92,3,0,W 3
TOR,2020-08-23,18:30,20:50,140.0,Brooklyn Nets,150,122,4,0,W 4
TOR,2020-08-30,13:00,15:24,144.0,Boston Celtics,94,112,4,1,L 1
TOR,2020-09-01,17:30,19:56,146.0,Boston Celtics,99,102,4,2,L 2
TOR,2020-09-03,18:30,20:54,144.0,Boston Celtics,104,103,5,2,W 1
TOR,2020-09-05,18:30,20:57,147.0,Boston Celtics,100,93,6,2,W 2
TOR,2020-09-07,18:30,20:48,138.0,Boston Celtics,89,111,6,3,L 1
TOR,2020-09-09,18:30,21:31,181.0,Boston Celtics,125,122,7,3,W 1
TOR,2020-09-11,21:00,23:22,142.0,Boston Celtics,87,92,7,4,L 1
TOR,2022-04-16,18:00,20:26,146.0,Philadelphia 76ers,111,131,0,1,L 1
TOR,2022-04-18,19:30,21:53,143.0,Philadelphia 76ers,97,112,0,2,L 2
TOR,2022-04-20,20:00,22:37,157.0,Philadelphia 76ers,101,104,0,3,L 3
TOR,2022-04-23,14:00,16:28,148.0,Philadelphia 76ers,110,102,1,3,W 1
TOR,2022-04-25,20:00,22:13,133.0,Philadelphia 76ers,103,88,2,3,W 2
TOR,2022-04-28,19:00,21:27,147.0,Philadelphia 76ers,97,132,2,4,L 1
UTA,2018-04-15,18:30,20:53,143.0,Oklahoma City Thunder,108,116,0,1,L 1
UTA,2018-04-18,20:00,22:26,146.0,Oklahoma City Thunder,102,95,1,1,W 1
UTA,2018-04-21,22:00,00:21,141.0,Oklahoma City Thunder,115,102,2,1,W 2
UTA,2018-04-23,22:30,01:07,157.0,Oklahoma City Thunder,113,96,3,1,W 3
UTA,2018-04-25,21:30,23:58,148.0,Oklahoma City Thunder,99,107,3,2,L 1
UTA,2018-04-27,22:30,00:58,148.0,Oklahoma City Thunder,96,91,4,2,W 1
UTA,2018-04-29,15:30,17:44,134.0,Houston Rockets,96,110,4,3,L 1
UTA,2018-05-02,20:00,22:27,147.0,Houston Rockets,116,108,5,3,W 1
UTA,2018-05-04,22:30,00:41,131.0,Houston Rockets,92,113,5,4,L 1
UTA,2018-05-06,20:00,22:22,142.0,Houston Rockets,87,100,5,5,L 2
UTA,2018-05-08,20:00,22:12,132.0,Houston Rockets,102,112,5,6,L 3
UTA,2019-04-14,21:30,23:46,136.0,Houston Rockets,90,122,0,1,L 1
UTA,2019-04-17,21:30,23:45,135.0,Houston Rockets,98,118,0,2,L 2
UTA,2019-04-20,22:30,01:08,158.0,Houston Rockets,101,104,0,3,L 3
UTA,2019-04-22,22:30,00:50,140.0,Houston Rockets,107,91,1,3,W 1
UTA,2019-04-24,20:00,22:14,134.0,Houston Rockets,93,100,1,4,L 1
UTA,2020-08-17,13:30,16:03,153.0,Denver Nuggets,125,135,0,1,L 1
UTA,2020-08-19,16:00,18:15,135.0,Denver Nuggets,124,105,1,1,W 1
UTA,2020-08-21,16:00,18:14,134.0,Denver Nuggets,124,87,2,1,W 2
UTA,2020-08-23,21:00,23:30,150.0,Denver Nuggets,129,127,3,1,W 3
UTA,2020-08-25,18:30,20:55,145.0,Denver Nuggets,107,117,3,2,L 1
UTA,2020-08-30,20:30,22:55,145.0,Denver Nuggets,107,119,3,3,L 2
UTA,2020-09-01,20:30,22:43,133.0,Denver Nuggets,78,80,3,4,L 3
UTA,2021-05-23,21:30,00:01,151.0,Memphis Grizzlies,109,112,0,1,L 1
UTA,2021-05-26,22:00,00:33,153.0,Memphis Grizzlies,141,129,1,1,W 1
UTA,2021-05-29,21:30,23:48,138.0,Memphis Grizzlies,121,111,2,1,W 2
UTA,2021-05-31,21:30,23:59,149.0,Memphis Grizzlies,120,113,3,1,W 3
UTA,2021-06-02,21:30,23:39,129.0,Memphis Grizzlies,126,110,4,1,W 4
UTA,2021-06-08,22:00,00:31,151.0,Los Angeles Clippers,112,109,5,1,W 5
UTA,2021-06-10,22:00,00:39,159.0,Los Angeles Clippers,117,111,6,1,W 6
UTA,2021-06-12,20:30,22:48,138.0,Los Angeles Clippers,106,132,6,2,L 1
UTA,2021-06-14,22:00,00:35,155.0,Los Angeles Clippers,104,118,6,3,L 2
UTA,2021-06-16,22:00,00:42,162.0,Los Angeles Clippers,111,119,6,4,L 3
UTA,2021-06-18,22:00,00:21,141.0,Los Angeles Clippers,119,131,6,5,L 4
UTA,2022-04-16,13:00,15:29,149.0,Dallas Mavericks,99,93,1,0,W 1
UTA,2022-04-18,20:30,22:45,135.0,Dallas Mavericks,104,110,1,1,L 1
UTA,2022-04-21,21:00,23:37,157.0,Dallas Mavericks,118,126,1,2,L 2
UTA,2022-04-23,16:30,19:10,160.0,Dallas Mavericks,100,99,2,2,W 1
UTA,2022-04-25,21:30,23:50,140.0,Dallas Mavericks,77,102,2,3,L 1
UTA,2022-04-28,22:00,00:14,134.0,Dallas Mavericks,96,98,2,4,L 2
WAS,2018-04-14,17:30,19:50,140.0,Toronto Raptors,106,114,0,1,L 1
WAS,2018-04-17,19:00,21:27,147.0,Toronto Raptors,119,130,0,2,L 2
WAS,2018-04-20,20:00,22:31,151.0,Toronto Raptors,122,103,1,2,W 1
WAS,2018-04-22,18:00,20:38,158.0,Toronto Raptors,106,98,2,2,W 2
WAS,2018-04-25,19:00,21:23,143.0,Toronto Raptors,98,108,2,3,L 1
WAS,2018-04-27,19:00,21:18,138.0,Toronto Raptors,92,102,2,4,L 2
WAS,2021-05-23,13:00,15:29,149.0,Philadelphia 76ers,118,125,0,1,L 1
WAS,2021-05-26,19:00,21:21,141.0,Philadelphia 76ers,95,120,0,2,L 2
WAS,2021-05-29,19:00,21:14,134.0,Philadelphia 76ers,103,132,0,3,L 3
WAS,2021-05-31,19:00,21:42,162.0,Philadelphia 76ers,122,114,1,3,W 1
WAS,2021-06-02,19:00,21:34,154.0,Philadelphia 76ers,112,129,1,4,L 1
