team_code,team,opponent,series_id,year,date,day_name,game_order,start_h_et,end_h_et,log_mins,result,round,series_result,last_game_date,last_game,expect,sponsor,stock_symbol,stock_exchange,industry,subsidiary,close_date,close_price0,open_date,open_price1,delta_pct,delta_pct_abs,game_conf,team_conf
BOS,"Boston Celtics","Milwaukee Bucks",14,2018,2018-04-17,Tuesday,2,20:00:00,22:16:00,136,W,"First Round",W,2018-04-28,0,Favorite,"General Electric",GE,NYSE,Conglomerate,0,2018-04-17,63.12896728515625,2018-04-18,63.540955098637866,0.6526129464793073,0.6526129464793073,East,East
BOS,"Boston Celtics","Milwaukee Bucks",14,2018,2018-04-24,Tuesday,5,19:00:00,21:32:00,152,W,"First Round",W,2018-04-28,0,Favorite,"General Electric",GE,NYSE,Conglomerate,0,2018-04-24,67.20328521728516,2018-04-25,67.3863983003344,0.27247638632129223,0.27247638632129223,East,East
BOS,"Boston Celtics","Milwaukee Bucks",14,2018,2018-04-26,Thursday,6,20:00:00,22:20:00,140,L,"First Round",W,2018-04-28,0,Favorite,"General Electric",GE,NYSE,Conglomerate,0,2018-04-26,65.82991790771484,2018-04-27,65.09745488943327,-1.112659777744821,1.112659777744821,East,East
BOS,"Boston Celtics","Philadelphia 76ers",5,2018,2018-04-30,Monday,1,20:00:00,22:22:00,142,W,"Conference Semi Final",W,2018-05-09,0,Underdog,"General Electric",GE,NYSE,Conglomerate,0,2018-04-30,64.41075897216797,2018-05-01,64.45655331166178,0.0710973449538107,0.0710973449538107,East,East
BOS,"Boston Celtics","Philadelphia 76ers",5,2018,2018-05-03,Thursday,2,20:30:00,22:53:00,143,W,"Conference Semi Final",W,2018-05-09,0,Underdog,"General Electric",GE,NYSE,Conglomerate,0,2018-05-03,63.769866943359375,2018-05-04,63.495172101556705,-0.4307596282843986,0.4307596282843986,East,East
BOS,"Boston Celtics","Philadelphia 76ers",5,2018,2018-05-07,Monday,4,18:00:00,20:27:00,147,W,"Conference Semi Final",W,2018-05-09,0,Underdog,"General Electric",GE,NYSE,Conglomerate,0,2018-05-07,64.41075897216797,2018-05-08,64.91431463764368,0.7817881259453927,0.7817881259453927,East,East
BOS,"Boston Celtics","Philadelphia 76ers",5,2018,2018-05-09,Wednesday,5,20:00:00,22:39:00,159,W,"Conference Semi Final",W,2018-05-09,1,Underdog,"General Electric",GE,NYSE,Conglomerate,0,2018-05-09,66.92860412597656,2018-05-10,67.56949931257894,0.957580387297562,0.957580387297562,East,East
BOS,"Boston Celtics","Cleveland Cavaliers",3,2018,2018-05-15,Tuesday,2,20:30:00,22:51:00,141,L,"Conference Final",L,2018-05-27,0,Underdog,"General Electric",GE,NYSE,Conglomerate,0,2018-05-15,67.34061431884766,2018-05-16,67.34063061545518,0.00002420026560701368,0.00002420026560701368,East,East
BOS,"Boston Celtics","Cleveland Cavaliers",3,2018,2018-05-21,Monday,4,20:30:00,23:00:00,150,L,"Conference Final",L,2018-05-27,0,Underdog,"General Electric",GE,NYSE,Conglomerate,0,2018-05-21,69.85844421386719,2018-05-22,70.45357342663029,0.8519073384187423,0.8519073384187423,East,East
BOS,"Boston Celtics","Cleveland Cavaliers",3,2018,2018-05-23,Wednesday,5,20:30:00,22:51:00,141,W,"Conference Final",L,2018-05-27,0,Underdog,"General Electric",GE,NYSE,Conglomerate,0,2018-05-23,64.91434478759766,2018-05-24,65.64681874225928,1.1283699420495004,1.1283699420495004,East,East
BOS,"Boston Celtics","Indiana Pacers",27,2019,2019-04-17,Wednesday,2,19:00:00,21:12:00,132,W,"First Round",W,2019-04-21,0,Favorite,"General Electric",GE,NYSE,Conglomerate,0,2019-04-17,44.3309211730957,2019-04-18,44.37953272145573,0.10965607542919922,0.10965607542919922,East,East
BOS,"Boston Celtics","Milwaukee Bucks",22,2019,2019-04-30,Tuesday,2,20:00:00,22:21:00,141,L,"Conference Semi Final",L,2019-05-08,0,Underdog,"General Electric",GE,NYSE,Conglomerate,0,2019-04-30,49.43482208251953,2019-05-01,49.3376047166899,-0.19665766302819399,0.19665766302819399,East,East
BOS,"Boston Celtics","Milwaukee Bucks",22,2019,2019-05-06,Monday,4,19:00:00,21:22:00,142,L,"Conference Semi Final",L,2019-05-08,0,Underdog,"General Electric",GE,NYSE,Conglomerate,0,2019-05-06,50.69862747192383,2019-05-07,50.26115251428032,-0.8628930988038614,0.8628930988038614,East,East
BOS,"Boston Celtics","Milwaukee Bucks",22,2019,2019-05-08,Wednesday,5,20:00:00,22:24:00,144,W,"Conference Semi Final",L,2019-05-08,1,Underdog,"General Electric",GE,NYSE,Conglomerate,0,2019-05-08,49.38621139526367,2019-05-09,49.14316048110121,-0.49214326690742927,0.49214326690742927,East,East
BOS,"Boston Celtics","Philadelphia 76ers",43,2020,2020-08-17,Monday,1,18:30:00,20:55:00,145,W,"First Round",W,2020-08-23,0,Favorite,"General Electric",GE,NYSE,Conglomerate,0,2020-08-17,31.621212005615234,2020-08-18,31.71896189127354,0.30912757436668736,0.30912757436668736,East,East
BOS,"Boston Celtics","Philadelphia 76ers",43,2020,2020-08-19,Wednesday,2,18:30:00,20:51:00,141,W,"First Round",W,2020-08-23,0,Favorite,"General Electric",GE,NYSE,Conglomerate,0,2020-08-19,31.181352615356445,2020-08-20,30.93698446227949,-0.7836996556608864,0.7836996556608864,East,East
BOS,"Boston Celtics","Toronto Raptors",37,2020,2020-09-01,Tuesday,2,17:30:00,19:56:00,146,L,"Conference Semi Final",W,2020-09-11,0,Underdog,"General Electric",GE,NYSE,Conglomerate,0,2020-09-01,30.25275421142578,2020-09-02,30.3016284218476,0.16155292863669118,0.16155292863669118,East,East
BOS,"Boston Celtics","Toronto Raptors",37,2020,2020-09-03,Thursday,3,18:30:00,20:54:00,144,L,"Conference Semi Final",W,2020-09-11,0,Underdog,"General Electric",GE,NYSE,Conglomerate,0,2020-09-03,30.888107299804688,2020-09-04,31.42572709345511,1.7405397761416763,1.7405397761416763,East,East
BOS,"Boston Celtics","Toronto Raptors",37,2020,2020-09-09,Wednesday,6,18:30:00,21:31:00,181,L,"Conference Semi Final",W,2020-09-11,0,Underdog,"General Electric",GE,NYSE,Conglomerate,0,2020-09-09,30.106128692626953,2020-09-10,30.15500545168279,0.16234820343343173,0.16234820343343173,East,East
BOS,"Boston Celtics","Miami Heat",33,2020,2020-09-15,Tuesday,1,18:30:00,21:11:00,161,L,"Conference Final",L,2020-09-27,0,Favorite,"General Electric",GE,NYSE,Conglomerate,0,2020-09-15,29.81289291381836,2020-09-16,29.8128977752604,0.0000163065089124077,0.0000163065089124077,East,East
BOS,"Boston Celtics","Miami Heat",33,2020,2020-09-17,Thursday,2,19:00:00,21:22:00,142,L,"Conference Final",L,2020-09-27,0,Favorite,"General Electric",GE,NYSE,Conglomerate,0,2020-09-17,34.45588302612305,2020-09-18,33.82051939134115,-1.8439917337198686,1.8439917337198686,East,East
BOS,"Boston Celtics","Miami Heat",33,2020,2020-09-23,Wednesday,4,20:30:00,23:05:00,155,L,"Conference Final",L,2020-09-27,0,Favorite,"General Electric",GE,NYSE,Conglomerate,0,2020-09-23,29.861764907836914,2020-09-24,29.812888056187962,-0.16367703583429172,0.16367703583429172,East,East
BOS,"Boston Celtics","Brooklyn Nets",58,2021,2021-05-25,Tuesday,2,19:30:00,21:45:00,135,L,"First Round",L,2021-06-01,0,Underdog,Vistaprint,CMPR,NASDAQ,E-commerce,1,2021-05-25,95.18000030517578,2021-05-26,95.51000213623047,0.3467134166806074,0.3467134166806074,East,East
BOS,"Boston Celtics","Brooklyn Nets",58,2021,2021-06-01,Tuesday,5,19:30:00,21:52:00,142,L,"First Round",L,2021-06-01,1,Underdog,Vistaprint,CMPR,NASDAQ,E-commerce,1,2021-06-01,99.04000091552734,2021-06-02,99.61000061035156,0.5755247269336959,0.5755247269336959,East,East
BOS,"Boston Celtics","Brooklyn Nets",73,2022,2022-04-20,Wednesday,2,19:00:00,21:35:00,155,W,"First Round",W,2022-04-25,0,Favorite,Vistaprint,CMPR,NASDAQ,E-commerce,1,2022-04-20,62.81999969482422,2022-04-21,63.4900016784668,1.0665424815304163,1.0665424815304163,East,East
BOS,"Boston Celtics","Brooklyn Nets",73,2022,2022-04-25,Monday,4,19:00:00,21:30:00,150,W,"First Round",W,2022-04-25,1,Favorite,Vistaprint,CMPR,NASDAQ,E-commerce,1,2022-04-25,60.119998931884766,2022-04-26,59.5099983215332,-1.0146384251315204,1.0146384251315204,East,East
BOS,"Boston Celtics","Milwaukee Bucks",67,2022,2022-05-03,Tuesday,2,19:00:00,21:31:00,151,L,"Conference Semi Final",W,2022-05-15,0,Favorite,Vistaprint,CMPR,NASDAQ,E-commerce,1,2022-05-03,51.83000183105469,2022-05-04,51.599998474121094,-0.4437649021956699,0.4437649021956699,East,East
BOS,"Boston Celtics","Milwaukee Bucks",67,2022,2022-05-09,Monday,4,19:30:00,22:03:00,153,W,"Conference Semi Final",W,2022-05-15,0,Favorite,Vistaprint,CMPR,NASDAQ,E-commerce,1,2022-05-09,44.349998474121094,2022-05-10,45.400001525878906,2.367537965915614,2.367537965915614,East,East
BOS,"Boston Celtics","Milwaukee Bucks",67,2022,2022-05-11,Wednesday,5,19:00:00,21:31:00,151,L,"Conference Semi Final",W,2022-05-15,0,Favorite,Vistaprint,CMPR,NASDAQ,E-commerce,1,2022-05-11,42.959999084472656,2022-05-12,42.66999816894531,-0.6750487004366834,0.6750487004366834,East,East
BOS,"Boston Celtics","Miami Heat",62,2022,2022-05-17,Tuesday,1,20:30:00,23:09:00,159,L,"Conference Final",W,2022-05-29,0,Favorite,Vistaprint,CMPR,NASDAQ,E-commerce,1,2022-05-17,45.560001373291016,2022-05-18,44.560001373291016,-2.1949077477118726,2.1949077477118726,East,East
BOS,"Boston Celtics","Miami Heat",62,2022,2022-05-19,Thursday,2,20:30:00,22:46:00,136,W,"Conference Final",W,2022-05-29,0,Favorite,Vistaprint,CMPR,NASDAQ,E-commerce,1,2022-05-19,43.75,2022-05-20,44.56999969482422,1.8742850167410716,1.8742850167410716,East,East
BOS,"Boston Celtics","Miami Heat",62,2022,2022-05-23,Monday,4,20:30:00,22:50:00,140,L,"Conference Final",W,2022-05-29,0,Favorite,Vistaprint,CMPR,NASDAQ,E-commerce,1,2022-05-23,43.529998779296875,2022-05-24,43.099998474121094,-0.9878252176296681,0.9878252176296681,East,East
BOS,"Boston Celtics","Miami Heat",62,2022,2022-05-25,Wednesday,5,20:30:00,22:50:00,140,W,"Conference Final",W,2022-05-29,0,Favorite,Vistaprint,CMPR,NASDAQ,E-commerce,1,2022-05-25,43.13999938964844,2022-05-26,43.7400016784668,1.39082590938175,1.39082590938175,East,East
BOS,"Boston Celtics","Golden State Warriors",61,2022,2022-06-02,Thursday,1,21:00:00,23:19:00,139,W,Final,L,2022-06-16,0,Underdog,Vistaprint,CMPR,NASDAQ,E-commerce,1,2022-06-02,43.5,2022-06-03,42.779998779296875,-1.655175220007184,1.655175220007184,NULL,East
BOS,"Boston Celtics","Golden State Warriors",61,2022,2022-06-08,Wednesday,3,21:00:00,23:26:00,146,W,Final,L,2022-06-16,0,Underdog,Vistaprint,CMPR,NASDAQ,E-commerce,1,2022-06-08,41.720001220703125,2022-06-09,41.220001220703125,-1.1984659285002133,1.1984659285002133,NULL,East
BOS,"Boston Celtics","Golden State Warriors",61,2022,2022-06-13,Monday,5,21:00:00,23:27:00,147,W,Final,L,2022-06-16,0,Underdog,Vistaprint,CMPR,NASDAQ,E-commerce,1,2022-06-13,37.439998626708984,2022-06-14,37.560001373291016,0.3205201682257103,0.3205201682257103,NULL,East
BOS,"Boston Celtics","Golden State Warriors",61,2022,2022-06-16,Thursday,6,21:00:00,23:20:00,140,W,Final,L,2022-06-16,1,Underdog,Vistaprint,CMPR,NASDAQ,E-commerce,1,2022-06-16,38.939998626708984,2022-06-17,38.959999084472656,0.05136224568316636,0.05136224568316636,NULL,East
BOS,"Boston Celtics","Atlanta Hawks",87,2023,2023-04-18,Tuesday,2,19:00:00,21:03:00,123,W,"First Round",W,2023-04-27,0,Favorite,Vistaprint,CMPR,NASDAQ,E-commerce,1,2023-04-18,43.95000076293945,2023-04-19,43.58000183105469,-0.8418633116310769,0.8418633116310769,East,East
BOS,"Boston Celtics","Atlanta Hawks",87,2023,2023-04-25,Tuesday,5,19:30:00,21:48:00,138,L,"First Round",W,2023-04-27,0,Favorite,Vistaprint,CMPR,NASDAQ,E-commerce,1,2023-04-25,43.70000076293945,2023-04-26,43.220001220703125,-1.09839710264582,1.09839710264582,East,East
BOS,"Boston Celtics","Atlanta Hawks",87,2023,2023-04-27,Thursday,6,20:30:00,22:54:00,144,W,"First Round",W,2023-04-27,1,Favorite,Vistaprint,CMPR,NASDAQ,E-commerce,1,2023-04-27,52.4900016784668,2023-04-28,52.63999938964844,0.28576434822857866,0.28576434822857866,East,East
BOS,"Boston Celtics","Philadelphia 76ers",81,2023,2023-05-01,Monday,1,19:30:00,21:46:00,136,L,"Conference Semi Final",W,2023-05-14,0,Favorite,Vistaprint,CMPR,NASDAQ,E-commerce,1,2023-05-01,51.22999954223633,2023-05-02,51,-0.44895480049088443,0.44895480049088443,East,East
BOS,"Boston Celtics","Philadelphia 76ers",81,2023,2023-05-03,Wednesday,2,20:00:00,22:13:00,133,L,"Conference Semi Final",W,2023-05-14,0,Favorite,Vistaprint,CMPR,NASDAQ,E-commerce,1,2023-05-03,48.970001220703125,2023-05-04,48.560001373291016,-0.8372469617966296,0.8372469617966296,East,East
BOS,"Boston Celtics","Philadelphia 76ers",81,2023,2023-05-09,Tuesday,5,19:30:00,21:55:00,145,L,"Conference Semi Final",W,2023-05-14,0,Favorite,Vistaprint,CMPR,NASDAQ,E-commerce,1,2023-05-09,44.2599983215332,2023-05-10,45.220001220703125,2.169007988197019,2.169007988197019,East,East
BOS,"Boston Celtics","Philadelphia 76ers",81,2023,2023-05-11,Thursday,6,19:30:00,21:50:00,140,W,"Conference Semi Final",W,2023-05-14,0,Favorite,Vistaprint,CMPR,NASDAQ,E-commerce,1,2023-05-11,44.959999084472656,2023-05-12,45.18000030517578,0.4893265684676235,0.4893265684676235,East,East
BOS,"Boston Celtics","Miami Heat",77,2023,2023-05-17,Wednesday,1,20:30:00,22:48:00,138,L,"Conference Final",L,2023-05-29,0,Favorite,Vistaprint,CMPR,NASDAQ,E-commerce,1,2023-05-17,49.81999969482422,2023-05-18,49.47999954223633,-0.6824571550995274,0.6824571550995274,East,East
BOS,"Boston Celtics","Miami Heat",77,2023,2023-05-23,Tuesday,4,20:30:00,22:52:00,142,L,"Conference Final",L,2023-05-29,0,Favorite,Vistaprint,CMPR,NASDAQ,E-commerce,1,2023-05-23,50.63999938964844,2023-05-24,50.31999969482422,-0.6319109373639357,0.6319109373639357,East,East
BOS,"Boston Celtics","Miami Heat",77,2023,2023-05-25,Thursday,5,20:30:00,22:38:00,128,L,"Conference Final",L,2023-05-29,0,Favorite,Vistaprint,CMPR,NASDAQ,E-commerce,1,2023-05-25,48.93000030517578,2023-05-26,48.869998931884766,-0.12262696283831562,0.12262696283831562,East,East
BOS,"Boston Celtics","Miami Heat",105,2024,2024-04-24,Wednesday,2,19:00:00,21:19:00,139,L,"First Round",W,2024-05-01,0,Favorite,Vistaprint,CMPR,NASDAQ,E-commerce,1,2024-04-24,89.37999725341797,2024-04-25,87.9800033569336,-1.5663391580948365,1.5663391580948365,East,East
BOS,"Boston Celtics","Miami Heat",105,2024,2024-04-29,Monday,4,19:30:00,21:50:00,140,L,"First Round",W,2024-05-01,0,Favorite,Vistaprint,CMPR,NASDAQ,E-commerce,1,2024-04-29,89.31999969482422,2024-04-30,88.62999725341797,-0.7725060946750465,0.7725060946750465,East,East
BOS,"Boston Celtics","Miami Heat",105,2024,2024-05-01,Wednesday,5,19:30:00,21:41:00,131,L,"First Round",W,2024-05-01,1,Favorite,Vistaprint,CMPR,NASDAQ,E-commerce,1,2024-05-01,84.30000305175781,2024-05-02,80.93000030517578,-3.997630634144752,3.997630634144752,East,East
BOS,"Boston Celtics","Cleveland Cavaliers",94,2024,2024-05-07,Tuesday,1,19:00:00,21:09:00,129,L,"Conference Semi Final",W,2024-05-15,0,Favorite,Vistaprint,CMPR,NASDAQ,E-commerce,1,2024-05-07,84.23999786376953,2024-05-08,83.2699966430664,-1.1514734630831576,1.1514734630831576,East,East
BOS,"Boston Celtics","Cleveland Cavaliers",94,2024,2024-05-09,Thursday,2,19:00:00,21:14:00,134,W,"Conference Semi Final",W,2024-05-15,0,Favorite,Vistaprint,CMPR,NASDAQ,E-commerce,1,2024-05-09,87.27999877929688,2024-05-10,87.93000030517578,0.744731364539259,0.744731364539259,East,East
BOS,"Boston Celtics","Cleveland Cavaliers",94,2024,2024-05-13,Monday,4,19:00:00,21:22:00,142,W,"Conference Semi Final",W,2024-05-15,0,Favorite,Vistaprint,CMPR,NASDAQ,E-commerce,1,2024-05-13,85.61000061035156,2024-05-14,86.69999694824219,1.273211459081368,1.273211459081368,East,East
BOS,"Boston Celtics","Cleveland Cavaliers",94,2024,2024-05-15,Wednesday,5,19:00:00,21:14:00,134,L,"Conference Semi Final",W,2024-05-15,1,Favorite,Vistaprint,CMPR,NASDAQ,E-commerce,1,2024-05-15,84.66999816894531,2024-05-16,83.66999816894531,-1.1810558894836178,1.1810558894836178,East,East
BOS,"Boston Celtics","Indiana Pacers",93,2024,2024-05-21,Tuesday,1,20:00:00,22:46:00,166,W,"Conference Final",W,2024-05-27,0,Favorite,Vistaprint,CMPR,NASDAQ,E-commerce,1,2024-05-21,82.54000091552734,2024-05-22,82.27999877929688,-0.3150013730876485,0.3150013730876485,East,East
BOS,"Boston Celtics","Indiana Pacers",93,2024,2024-05-23,Thursday,2,20:00:00,22:21:00,141,W,"Conference Final",W,2024-05-27,0,Favorite,Vistaprint,CMPR,NASDAQ,E-commerce,1,2024-05-23,81.97000122070312,2024-05-24,82.76000213623047,0.9637683344669922,0.9637683344669922,East,East
BOS,"Boston Celtics","Dallas Mavericks",91,2024,2024-06-06,Thursday,1,20:30:00,22:42:00,132,L,Final,W,2024-06-17,0,Favorite,Vistaprint,CMPR,NASDAQ,E-commerce,1,2024-06-06,88.01000213623047,2024-06-07,86.75,-1.431657886202655,1.431657886202655,NULL,East
BOS,"Boston Celtics","Dallas Mavericks",91,2024,2024-06-12,Wednesday,3,20:30:00,22:51:00,141,L,Final,W,2024-06-17,0,Favorite,Vistaprint,CMPR,NASDAQ,E-commerce,1,2024-06-12,87.23999786376953,2024-06-13,87.13999938964844,-0.11462457195064052,0.11462457195064052,NULL,East
BOS,"Boston Celtics","Dallas Mavericks",91,2024,2024-06-17,Monday,5,20:30:00,22:51:00,141,L,Final,W,2024-06-17,1,Favorite,Vistaprint,CMPR,NASDAQ,E-commerce,1,2024-06-17,83.12999725341797,2024-06-18,82.76000213623047,-0.44508015086249425,0.44508015086249425,NULL,East
BRK,"Brooklyn Nets","Boston Celtics",58,2021,2021-05-25,Tuesday,2,19:30:00,21:45:00,135,W,"First Round",W,2021-06-01,0,Favorite,Motorola,MSI,NYSE,Telecommunications,0,2021-05-25,194.6907958984375,2021-05-26,193.32502323855635,-0.7015085913941277,0.7015085913941277,East,East
BRK,"Brooklyn Nets","Boston Celtics",58,2021,2021-06-01,Tuesday,5,19:30:00,21:52:00,142,W,"First Round",W,2021-06-01,1,Favorite,Motorola,MSI,NYSE,Telecommunications,0,2021-06-01,195.9228057861328,2021-06-02,199.3228220849318,1.735385671492684,1.735385671492684,East,East
BRK,"Brooklyn Nets","Milwaukee Bucks",52,2021,2021-06-07,Monday,2,19:30:00,21:37:00,127,L,"Conference Semi Final",L,2021-06-19,0,Favorite,Motorola,MSI,NYSE,Telecommunications,0,2021-06-07,198.3582305908203,2021-06-08,199.86724635084167,0.7607527832481031,0.7607527832481031,East,East
BRK,"Brooklyn Nets","Milwaukee Bucks",52,2021,2021-06-10,Thursday,3,19:30:00,21:55:00,145,L,"Conference Semi Final",L,2021-06-19,0,Favorite,Motorola,MSI,NYSE,Telecommunications,0,2021-06-10,203.0284881591797,2021-06-11,204.10773478376353,0.5315739846999636,0.5315739846999636,East,East
BRK,"Brooklyn Nets","Milwaukee Bucks",52,2021,2021-06-15,Tuesday,5,20:30:00,23:01:00,151,W,"Conference Semi Final",L,2021-06-19,0,Favorite,Motorola,MSI,NYSE,Telecommunications,0,2021-06-15,202.13819885253906,2021-06-16,202.5215037578327,0.189625171031263,0.189625171031263,East,East
BRK,"Brooklyn Nets","Milwaukee Bucks",52,2021,2021-06-17,Thursday,6,20:30:00,22:51:00,141,W,"Conference Semi Final",L,2021-06-19,0,Favorite,Motorola,MSI,NYSE,Telecommunications,0,2021-06-17,202.08071899414062,2021-06-18,201.16075172278008,-0.4552474258502725,0.4552474258502725,East,East
CLE,"Cleveland Cavaliers","Indiana Pacers",12,2018,2018-04-18,Wednesday,2,19:00:00,21:25:00,145,L,"First Round",W,2018-04-29,0,Favorite,"Goodyear Tires",GT,NASDAQ,Automotive,0,2018-04-18,25.48752212524414,2018-04-19,25.496862871334404,0.03664830988419899,0.03664830988419899,East,East
CLE,"Cleveland Cavaliers","Indiana Pacers",12,2018,2018-04-25,Wednesday,5,19:00:00,21:31:00,151,W,"First Round",W,2018-04-29,0,Favorite,"Goodyear Tires",GT,NASDAQ,Automotive,0,2018-04-25,23.83382225036621,2018-04-26,23.740393638580404,-0.3920001198480519,0.3920001198480519,East,East
CLE,"Cleveland Cavaliers","Toronto Raptors",4,2018,2018-05-01,Tuesday,1,20:00:00,22:53:00,173,W,"Conference Semi Final",W,2018-05-07,0,Underdog,"Goodyear Tires",GT,NASDAQ,Automotive,0,2018-05-01,23.862056732177734,2018-05-02,23.918424931959112,0.23622523579606677,0.23622523579606677,East,East
CLE,"Cleveland Cavaliers","Toronto Raptors",4,2018,2018-05-03,Thursday,2,18:00:00,20:19:00,139,W,"Conference Semi Final",W,2018-05-07,0,Underdog,"Goodyear Tires",GT,NASDAQ,Automotive,0,2018-05-03,23.56143569946289,2018-05-04,23.533249680626255,-0.11962776460722094,0.11962776460722094,East,East
CLE,"Cleveland Cavaliers","Toronto Raptors",4,2018,2018-05-07,Monday,4,20:30:00,22:57:00,147,L,"Conference Semi Final",W,2018-05-07,1,Underdog,"Goodyear Tires",GT,NASDAQ,Automotive,0,2018-05-07,23.63658905029297,2018-05-08,23.599010381570952,-0.1589851591617469,0.1589851591617469,East,East
CLE,"Cleveland Cavaliers","Boston Celtics",3,2018,2018-05-15,Tuesday,2,20:30:00,22:51:00,141,W,"Conference Final",W,2018-05-27,0,Favorite,"Goodyear Tires",GT,NASDAQ,Automotive,0,2018-05-15,24.200258255004883,2018-05-16,24.219049288457285,0.07764806992717016,0.07764806992717016,East,East
CLE,"Cleveland Cavaliers","Boston Celtics",3,2018,2018-05-21,Monday,4,20:30:00,23:00:00,150,W,"Conference Final",W,2018-05-27,0,Favorite,"Goodyear Tires",GT,NASDAQ,Automotive,0,2018-05-21,24.463306427001953,2018-05-22,24.519672064508132,0.23040890925506313,0.23040890925506313,East,East
CLE,"Cleveland Cavaliers","Boston Celtics",3,2018,2018-05-23,Wednesday,5,20:30:00,22:51:00,141,L,"Conference Final",W,2018-05-27,0,Favorite,"Goodyear Tires",GT,NASDAQ,Automotive,0,2018-05-23,23.739927291870117,2018-05-24,23.721140229093688,-0.07913698532203507,0.07913698532203507,East,East
CLE,"Cleveland Cavaliers","Golden State Warriors",1,2018,2018-05-31,Thursday,1,21:00:00,23:38:00,158,L,Final,L,2018-06-08,0,Underdog,"Goodyear Tires",GT,NASDAQ,Automotive,0,2018-05-31,22.950788497924805,2018-06-01,23.242018694730334,1.268933295393584,1.268933295393584,NULL,East
CLE,"Cleveland Cavaliers","Golden State Warriors",1,2018,2018-06-06,Wednesday,3,21:00:00,23:19:00,139,L,Final,L,2018-06-08,0,Underdog,"Goodyear Tires",GT,NASDAQ,Automotive,0,2018-06-06,23.50506591796875,2018-06-07,23.75871467590332,1.0791237889729348,1.0791237889729348,NULL,East
CLE,"Cleveland Cavaliers","New York Knicks",89,2023,2023-04-18,Tuesday,2,19:30:00,21:51:00,141,L,"First Round",L,2023-04-26,0,Favorite,"Cleveland-Cliffs Inc. (CLIFFS)",CLF,NYSE,"Steel Manufacturing",0,2023-04-18,17.190000534057617,2023-04-19,16.93000030517578,-1.5125085561615403,1.5125085561615403,East,East
CLE,"Cleveland Cavaliers","New York Knicks",89,2023,2023-04-26,Wednesday,5,19:00:00,21:25:00,145,W,"First Round",L,2023-04-26,1,Favorite,"Cleveland-Cliffs Inc. (CLIFFS)",CLF,NYSE,"Steel Manufacturing",0,2023-04-26,14.84000015258789,2023-04-27,15,1.0781660765967553,1.0781660765967553,East,East
CLE,"Cleveland Cavaliers","Orlando Magic",104,2024,2024-04-22,Monday,2,19:00:00,21:31:00,151,W,"First Round",W,2024-05-05,0,Favorite,"Cleveland-Cliffs Inc. (CLIFFS)",CLF,NYSE,"Steel Manufacturing",0,2024-04-22,20.850000381469727,2024-04-23,19.920000076293945,-4.460433036741389,4.460433036741389,East,East
CLE,"Cleveland Cavaliers","Orlando Magic",104,2024,2024-04-25,Thursday,3,19:00:00,21:10:00,130,W,"First Round",W,2024-05-05,0,Favorite,"Cleveland-Cliffs Inc. (CLIFFS)",CLF,NYSE,"Steel Manufacturing",0,2024-04-25,18.229999542236328,2024-04-26,18.239999771118164,0.054855892117094254,0.054855892117094254,East,East
CLE,"Cleveland Cavaliers","Orlando Magic",104,2024,2024-04-30,Tuesday,5,20:00:00,22:31:00,151,W,"First Round",W,2024-05-05,0,Favorite,"Cleveland-Cliffs Inc. (CLIFFS)",CLF,NYSE,"Steel Manufacturing",0,2024-04-30,16.899999618530273,2024-05-01,16.979999542236328,0.47337234030666775,0.47337234030666775,East,East
CLE,"Cleveland Cavaliers","Boston Celtics",94,2024,2024-05-07,Tuesday,1,19:00:00,21:09:00,129,W,"Conference Semi Final",L,2024-05-15,0,Underdog,"Cleveland-Cliffs Inc. (CLIFFS)",CLF,NYSE,"Steel Manufacturing",0,2024-05-07,17.309999465942383,2024-05-08,17.1200008392334,-1.0976235272728274,1.0976235272728274,East,East
CLE,"Cleveland Cavaliers","Boston Celtics",94,2024,2024-05-09,Thursday,2,19:00:00,21:14:00,134,L,"Conference Semi Final",L,2024-05-15,0,Underdog,"Cleveland-Cliffs Inc. (CLIFFS)",CLF,NYSE,"Steel Manufacturing",0,2024-05-09,17.450000762939453,2024-05-10,17.5,0.2865285666160882,0.2865285666160882,East,East
CLE,"Cleveland Cavaliers","Boston Celtics",94,2024,2024-05-13,Monday,4,19:00:00,21:22:00,142,L,"Conference Semi Final",L,2024-05-15,0,Underdog,"Cleveland-Cliffs Inc. (CLIFFS)",CLF,NYSE,"Steel Manufacturing",0,2024-05-13,17.700000762939453,2024-05-14,17.889999389648438,1.0734385227079004,1.0734385227079004,East,East
CLE,"Cleveland Cavaliers","Boston Celtics",94,2024,2024-05-15,Wednesday,5,19:00:00,21:14:00,134,W,"Conference Semi Final",L,2024-05-15,1,Underdog,"Cleveland-Cliffs Inc. (CLIFFS)",CLF,NYSE,"Steel Manufacturing",0,2024-05-15,17.8799991607666,2024-05-16,17.90999984741211,0.16778908307410423,0.16778908307410423,East,East
DEN,"Denver Nuggets","San Antonio Spurs",25,2019,2019-04-16,Tuesday,2,21:00:00,23:16:00,136,W,"First Round",W,2019-04-27,0,Favorite,"Western Union",WU,NYSE,"Financial Services",0,2019-04-16,13.839338302612305,2019-04-17,13.853724580220172,0.10395206254298897,0.10395206254298897,West,West
DEN,"Denver Nuggets","San Antonio Spurs",25,2019,2019-04-23,Tuesday,5,21:30:00,23:40:00,130,L,"First Round",W,2019-04-27,0,Favorite,"Western Union",WU,NYSE,"Financial Services",0,2019-04-23,13.961618423461914,2019-04-24,13.990393241832278,0.2060994470527063,0.2060994470527063,West,West
DEN,"Denver Nuggets","San Antonio Spurs",25,2019,2019-04-25,Thursday,6,20:00:00,22:17:00,137,L,"First Round",W,2019-04-27,0,Favorite,"Western Union",WU,NYSE,"Financial Services",0,2019-04-25,13.79617691040039,2019-04-26,13.82495191392224,0.20857230020120063,0.20857230020120063,West,West
DEN,"Denver Nuggets","Portland Trail Blazers",19,2019,2019-04-29,Monday,1,22:30:00,00:52:00,142,W,"Conference Semi Final",L,2019-05-12,0,Favorite,"Western Union",WU,NYSE,"Financial Services",0,2019-04-29,13.961618423461914,2019-04-30,13.947234230291734,-0.10302668884008456,0.10302668884008456,West,West
DEN,"Denver Nuggets","Portland Trail Blazers",19,2019,2019-05-01,Wednesday,2,21:00:00,23:32:00,152,L,"Conference Semi Final",L,2019-05-12,0,Favorite,"Western Union",WU,NYSE,"Financial Services",0,2019-05-01,13.896881103515625,2019-05-02,13.889687434259177,-0.05176463123533982,0.05176463123533982,West,West
DEN,"Denver Nuggets","Portland Trail Blazers",19,2019,2019-05-07,Tuesday,5,22:30:00,00:54:00,144,L,"Conference Semi Final",L,2019-05-12,0,Favorite,"Western Union",WU,NYSE,"Financial Services",0,2019-05-07,13.810567855834961,2019-05-08,13.292670703768275,-3.7500062088169286,3.7500062088169286,West,West
DEN,"Denver Nuggets","Portland Trail Blazers",19,2019,2019-05-09,Thursday,6,22:30:00,00:53:00,143,L,"Conference Semi Final",L,2019-05-12,0,Favorite,"Western Union",WU,NYSE,"Financial Services",0,2019-05-09,13.810567855834961,2019-05-10,13.774602616107092,-0.2604182543636205,0.2604182543636205,West,West
DEN,"Denver Nuggets","Utah Jazz",39,2020,2020-08-25,Tuesday,5,18:30:00,20:55:00,145,W,"First Round",W,2020-09-01,0,Favorite,"Western Union",WU,NYSE,"Financial Services",0,2020-08-25,18.001728057861328,2020-08-26,18.0619848316769,0.33472771959387837,0.33472771959387837,West,West
DEN,"Denver Nuggets","Utah Jazz",39,2020,2020-09-01,Tuesday,7,20:30:00,22:43:00,133,W,"First Round",W,2020-09-01,1,Favorite,"Western Union",WU,NYSE,"Financial Services",0,2020-09-01,17.77576446533203,2020-09-02,17.81342579630689,0.2118689806467147,0.2118689806467147,West,West
DEN,"Denver Nuggets","Los Angeles Clippers",35,2020,2020-09-03,Thursday,1,21:00:00,23:13:00,133,W,"Conference Semi Final",W,2020-09-15,0,Underdog,"Western Union",WU,NYSE,"Financial Services",0,2020-09-03,17.4970760345459,2020-09-04,17.57993036212498,0.4735324200197529,0.4735324200197529,West,West
DEN,"Denver Nuggets","Los Angeles Clippers",35,2020,2020-09-09,Wednesday,4,21:00:00,23:43:00,163,L,"Conference Semi Final",W,2020-09-15,0,Underdog,"Western Union",WU,NYSE,"Financial Services",0,2020-09-09,17.090341567993164,2020-09-10,17.173196768192014,0.48480716356202774,0.48480716356202774,West,West
DEN,"Denver Nuggets","Los Angeles Clippers",35,2020,2020-09-15,Tuesday,7,21:00:00,23:17:00,137,L,"Conference Semi Final",W,2020-09-15,1,Underdog,"Western Union",WU,NYSE,"Financial Services",0,2020-09-15,17.06462860107422,2020-09-16,17.117884754567925,0.31208504291944256,0.31208504291944256,West,West
DEN,"Denver Nuggets","Los Angeles Lakers",32,2020,2020-09-22,Tuesday,3,21:00:00,23:34:00,154,W,"Conference Final",L,2020-09-26,0,Underdog,"Western Union",WU,NYSE,"Financial Services",0,2020-09-22,16.767919540405273,2020-09-23,16.737484618155747,-0.18150684809876272,0.18150684809876272,West,West
DEN,"Denver Nuggets","Los Angeles Lakers",32,2020,2020-09-24,Thursday,4,21:00:00,23:31:00,151,L,"Conference Final",L,2020-09-26,0,Underdog,"Western Union",WU,NYSE,"Financial Services",0,2020-09-24,16.379913330078125,2020-09-25,16.258186974511016,-0.7431440760042671,0.7431440760042671,West,West
DEN,"Denver Nuggets","Portland Trail Blazers",57,2021,2021-05-24,Monday,2,22:00:00,00:32:00,152,W,"First Round",W,2021-06-03,0,Underdog,"Western Union",WU,NYSE,"Financial Services",0,2021-05-24,19.155475616455078,2021-05-25,19.19425200605326,0.20242979278924006,0.20242979278924006,West,West
DEN,"Denver Nuggets","Portland Trail Blazers",57,2021,2021-05-27,Thursday,3,22:30:00,00:58:00,148,W,"First Round",W,2021-06-03,0,Underdog,"Western Union",WU,NYSE,"Financial Services",0,2021-05-27,19.101184844970703,2021-05-28,19.15547613610922,0.2842299657280681,0.2842299657280681,West,West
DEN,"Denver Nuggets","Portland Trail Blazers",57,2021,2021-06-01,Tuesday,5,21:00:00,00:03:00,183,W,"First Round",W,2021-06-03,0,Underdog,"Western Union",WU,NYSE,"Financial Services",0,2021-06-01,19.062410354614258,2021-06-02,19.116696069517058,0.2847788600336147,0.2847788600336147,West,West
DEN,"Denver Nuggets","Portland Trail Blazers",57,2021,2021-06-03,Thursday,6,20:00:00,22:18:00,138,W,"First Round",W,2021-06-03,1,Underdog,"Western Union",WU,NYSE,"Financial Services",0,2021-06-03,19.481197357177734,2021-06-04,19.50446205399115,0.11942128805981823,0.11942128805981823,West,West
DEN,"Denver Nuggets","Phoenix Suns",50,2021,2021-06-07,Monday,1,22:00:00,00:06:00,126,L,"Conference Semi Final",L,2021-06-13,0,Underdog,"Western Union",WU,NYSE,"Financial Services",0,2021-06-07,19.101184844970703,2021-06-08,19.108944285827896,0.04062282481516137,0.04062282481516137,West,West
DEN,"Denver Nuggets","Phoenix Suns",50,2021,2021-06-09,Wednesday,2,21:30:00,23:45:00,135,W,"Conference Semi Final",L,2021-06-13,0,Underdog,"Western Union",WU,NYSE,"Financial Services",0,2021-06-09,19.51997184753418,2021-06-10,19.57425894192501,0.27811051580838986,0.27811051580838986,West,West
DEN,"Denver Nuggets","Golden State Warriors",72,2022,2022-04-18,Monday,2,22:00:00,00:29:00,149,L,"First Round",L,2022-04-27,0,Underdog,"Western Union",WU,NYSE,"Financial Services",0,2022-04-18,15.397687911987305,2022-04-19,15.446466552351318,0.316791979697407,0.316791979697407,West,West
DEN,"Denver Nuggets","Golden State Warriors",72,2022,2022-04-21,Thursday,3,22:00:00,00:33:00,153,L,"First Round",L,2022-04-27,0,Underdog,"Western Union",WU,NYSE,"Financial Services",0,2022-04-21,16.11310386657715,2022-04-22,15.991158041230124,-0.7568115141364705,0.7568115141364705,West,West
DEN,"Denver Nuggets","Golden State Warriors",72,2022,2022-04-27,Wednesday,5,22:00:00,00:26:00,146,W,"First Round",L,2022-04-27,1,Underdog,"Western Union",WU,NYSE,"Financial Services",0,2022-04-27,15.121278762817383,2022-04-28,15.324518391182162,1.3440637630762875,1.3440637630762875,West,West
DEN,"Denver Nuggets","Minnesota Timberwolves",86,2023,2023-04-19,Wednesday,2,22:00:00,00:29:00,149,W,"First Round",W,2023-04-25,0,Favorite,"Western Union",WU,NYSE,"Financial Services",0,2023-04-19,9.49537181854248,2023-04-20,9.460495072810044,-0.367302580656498,0.367302580656498,West,West
DEN,"Denver Nuggets","Minnesota Timberwolves",86,2023,2023-04-25,Tuesday,5,21:00:00,23:39:00,159,W,"First Round",W,2023-04-25,1,Favorite,"Western Union",WU,NYSE,"Financial Services",0,2023-04-25,9.347143173217773,2023-04-26,9.347144036357312,0.000009234260377893991,0.000009234260377893991,West,West
DEN,"Denver Nuggets","Phoenix Suns",80,2023,2023-05-01,Monday,2,22:00:00,00:17:00,137,W,"Conference Semi Final",W,2023-05-11,0,Underdog,"Western Union",WU,NYSE,"Financial Services",0,2023-05-01,9.477934837341309,2023-05-02,9.41689932967266,-0.6439747552196734,0.6439747552196734,West,West
DEN,"Denver Nuggets","Phoenix Suns",80,2023,2023-05-09,Tuesday,5,22:00:00,00:23:00,143,W,"Conference Semi Final",W,2023-05-11,0,Underdog,"Western Union",WU,NYSE,"Financial Services",0,2023-05-09,10.681203842163086,2023-05-10,10.74223845930856,0.5714207691135433,0.5714207691135433,West,West
DEN,"Denver Nuggets","Phoenix Suns",80,2023,2023-05-11,Thursday,6,22:00:00,00:20:00,140,W,"Conference Semi Final",W,2023-05-11,1,Underdog,"Western Union",WU,NYSE,"Financial Services",0,2023-05-11,10.428343772888184,2023-05-12,10.45450038543657,0.2508223081059921,0.2508223081059921,West,West
DEN,"Denver Nuggets","Los Angeles Lakers",78,2023,2023-05-16,Tuesday,1,20:30:00,23:04:00,154,W,"Conference Final",W,2023-05-22,0,Favorite,"Western Union",WU,NYSE,"Financial Services",0,2023-05-16,10.46321964263916,2023-05-17,10.541694970556849,0.7500112833136955,0.7500112833136955,West,West
DEN,"Denver Nuggets","Los Angeles Lakers",78,2023,2023-05-18,Thursday,2,20:30:00,22:59:00,149,W,"Conference Final",W,2023-05-22,0,Favorite,"Western Union",WU,NYSE,"Financial Services",0,2023-05-18,10.8555908203125,2023-05-19,10.873030223859278,0.16064905020319958,0.16064905020319958,West,West
DEN,"Denver Nuggets","Los Angeles Lakers",78,2023,2023-05-22,Monday,4,20:30:00,23:02:00,152,W,"Conference Final",W,2023-05-22,1,Favorite,"Western Union",WU,NYSE,"Financial Services",0,2023-05-22,10.698641777038574,2023-05-23,10.716082110308436,0.1630144613991329,0.1630144613991329,West,West
DEN,"Denver Nuggets","Miami Heat",76,2023,2023-06-01,Thursday,1,20:30:00,22:34:00,124,L,Final,W,2023-06-12,0,Favorite,"Western Union",WU,NYSE,"Financial Services",0,2023-06-01,10.06213092803955,2023-06-02,10.16676230911204,1.0398531068694252,1.0398531068694252,NULL,West
DEN,"Denver Nuggets","Miami Heat",76,2023,2023-06-07,Wednesday,3,20:30:00,22:55:00,145,L,Final,W,2023-06-12,0,Favorite,"Western Union",WU,NYSE,"Financial Services",0,2023-06-07,10.6114501953125,2023-06-08,10.646326081402803,0.3286627694460552,0.3286627694460552,NULL,West
DEN,"Denver Nuggets","Miami Heat",76,2023,2023-06-12,Monday,5,20:30:00,22:52:00,142,W,Final,W,2023-06-12,1,Favorite,"Western Union",WU,NYSE,"Financial Services",0,2023-06-12,10.227798461914062,2023-06-13,10.271393566200139,0.42624133090238825,0.42624133090238825,NULL,West
DEN,"Denver Nuggets","Los Angeles Lakers",98,2024,2024-04-22,Monday,2,22:00:00,00:19:00,139,L,"First Round",W,2024-04-29,0,Favorite,Ibotta,IBTA,NYSE,Technology,0,2024-04-22,101.4000015258789,2024-04-23,100.1500015258789,-1.2327415988065642,1.2327415988065642,West,West
DEN,"Denver Nuggets","Los Angeles Lakers",98,2024,2024-04-25,Thursday,3,22:00:00,00:18:00,138,W,"First Round",W,2024-04-29,0,Favorite,Ibotta,IBTA,NYSE,Technology,0,2024-04-25,104.68000030517578,2024-04-26,103.83000183105469,-0.8119970115046575,0.8119970115046575,West,West
DEN,"Denver Nuggets","Los Angeles Lakers",98,2024,2024-04-29,Monday,5,22:00:00,00:19:00,139,W,"First Round",W,2024-04-29,1,Favorite,Ibotta,IBTA,NYSE,Technology,0,2024-04-29,106.94000244140625,2024-04-30,104.91000366210938,-1.8982595221176815,1.8982595221176815,West,West
DEN,"Denver Nuggets","Minnesota Timberwolves",95,2024,2024-05-06,Monday,2,22:00:00,00:19:00,139,W,"Conference Semi Final",L,2024-05-19,0,Favorite,Ibotta,IBTA,NYSE,Technology,0,2024-05-06,103.9000015258789,2024-05-07,102.55999755859375,-1.2897054356167594,1.2897054356167594,West,West
DEN,"Denver Nuggets","Minnesota Timberwolves",95,2024,2024-05-14,Tuesday,5,22:30:00,00:52:00,142,L,"Conference Semi Final",L,2024-05-19,0,Favorite,Ibotta,IBTA,NYSE,Technology,0,2024-05-14,105.37999725341797,2024-05-15,106.44000244140625,1.0058884186902939,1.0058884186902939,West,West
DEN,"Denver Nuggets","Minnesota Timberwolves",95,2024,2024-05-16,Thursday,6,20:30:00,22:42:00,132,W,"Conference Semi Final",L,2024-05-19,0,Favorite,Ibotta,IBTA,NYSE,Technology,0,2024-05-16,105.47000122070312,2024-05-17,105.01000213623047,-0.4361421059530255,0.4361421059530255,West,West
DET,"Detroit Pistons","Milwaukee Bucks",30,2019,2019-04-17,Wednesday,2,20:00:00,22:18:00,138,W,"First Round",L,2019-04-22,0,Underdog,"Flagstar Bank",FLG,NYSE,Banking,0,2019-04-17,24.825876235961914,2019-04-18,24.825877060118426,0.0000033197479278941496,0.0000033197479278941496,East,West
DET,"Detroit Pistons","Milwaukee Bucks",30,2019,2019-04-22,Monday,4,20:00:00,22:30:00,150,L,"First Round",L,2019-04-22,1,Underdog,"Flagstar Bank",FLG,NYSE,Banking,0,2019-04-22,24.608293533325195,2019-04-23,24.58653453413396,-0.08842140622944131,0.08842140622944131,East,West
IND,"Indiana Pacers","Cleveland Cavaliers",12,2018,2018-04-18,Wednesday,2,19:00:00,21:25:00,145,W,"First Round",L,2018-04-29,0,Underdog,Motorola,MSI,NYSE,Telecommunications,0,2018-04-18,101.30625915527344,2018-04-19,100.79708361501237,-0.5026101491721737,0.5026101491721737,East,East
IND,"Indiana Pacers","Cleveland Cavaliers",12,2018,2018-04-25,Wednesday,5,19:00:00,21:31:00,151,L,"First Round",L,2018-04-29,0,Underdog,Motorola,MSI,NYSE,Telecommunications,0,2018-04-25,99.48780059814453,2018-04-26,99.642360582207,0.15535571510599439,0.15535571510599439,East,East
IND,"Indiana Pacers","Boston Celtics",27,2019,2019-04-17,Wednesday,2,19:00:00,21:12:00,132,L,"First Round",L,2019-04-21,0,Underdog,Motorola,MSI,NYSE,Telecommunications,0,2019-04-17,132.8434295654297,2019-04-18,133.32443778886366,0.36208657440378894,0.36208657440378894,East,East
IND,"Indiana Pacers","Miami Heat",42,2020,2020-08-24,Monday,4,18:30:00,20:51:00,141,L,"First Round",L,2020-08-24,1,Underdog,Motorola,MSI,NYSE,Telecommunications,0,2020-08-24,145.24293518066406,2020-08-25,145.68627858076508,0.3052426608905626,0.3052426608905626,East,East
LAC,"Los Angeles Clippers","Dallas Mavericks",59,2021,2021-05-25,Tuesday,2,22:30:00,00:56:00,146,L,"First Round",W,2021-06-06,0,Favorite,Honey,PYPL,NASDAQ,E-commerce,1,2021-05-25,258.6499938964844,2021-05-26,259.7799987792969,0.43688571795008235,0.43688571795008235,West,West
LAC,"Los Angeles Clippers","Dallas Mavericks",59,2021,2021-06-02,Wednesday,5,22:00:00,00:29:00,149,L,"First Round",W,2021-06-06,0,Favorite,Honey,PYPL,NASDAQ,E-commerce,1,2021-06-02,262.1700134277344,2021-06-03,258.3999938964844,-1.4380056216037016,1.4380056216037016,West,West
LAC,"Los Angeles Clippers","Utah Jazz",49,2021,2021-06-08,Tuesday,1,22:00:00,00:31:00,151,L,"Conference Semi Final",W,2021-06-18,0,Underdog,Honey,PYPL,NASDAQ,E-commerce,1,2021-06-08,263.1499938964844,2021-06-09,265,0.7030234263442028,0.7030234263442028,West,West
LAC,"Los Angeles Clippers","Utah Jazz",49,2021,2021-06-10,Thursday,2,22:00:00,00:39:00,159,L,"Conference Semi Final",W,2021-06-18,0,Underdog,Honey,PYPL,NASDAQ,E-commerce,1,2021-06-10,269.4700012207031,2021-06-11,268.75,-0.2671916047951567,0.2671916047951567,West,West
LAC,"Los Angeles Clippers","Utah Jazz",49,2021,2021-06-14,Monday,4,22:00:00,00:35:00,155,W,"Conference Semi Final",W,2021-06-18,0,Underdog,Honey,PYPL,NASDAQ,E-commerce,1,2021-06-14,274.92999267578125,2021-06-15,274.7300109863281,-0.07273913169923184,0.07273913169923184,West,West
LAC,"Los Angeles Clippers","Utah Jazz",49,2021,2021-06-16,Wednesday,5,22:00:00,00:42:00,162,W,"Conference Semi Final",W,2021-06-18,0,Underdog,Honey,PYPL,NASDAQ,E-commerce,1,2021-06-16,268.82000732421875,2021-06-17,268.5,-0.1190414833345329,0.1190414833345329,West,West
LAC,"Los Angeles Clippers","Phoenix Suns",48,2021,2021-06-22,Tuesday,2,21:00:00,23:48:00,168,L,"Conference Final",L,2021-06-30,0,Underdog,Honey,PYPL,NASDAQ,E-commerce,1,2021-06-22,286.75,2021-06-23,285.94000244140625,-0.28247517300566694,0.28247517300566694,West,West
LAC,"Los Angeles Clippers","Phoenix Suns",48,2021,2021-06-24,Thursday,3,21:00:00,23:19:00,139,L,"Conference Final",L,2021-06-30,0,Underdog,Honey,PYPL,NASDAQ,E-commerce,1,2021-06-24,293.2099914550781,2021-06-25,292.6000061035156,-0.20803702784321867,0.20803702784321867,West,West
LAC,"Los Angeles Clippers","Phoenix Suns",48,2021,2021-06-28,Monday,5,21:00:00,23:21:00,141,W,"Conference Final",L,2021-06-30,0,Underdog,Honey,PYPL,NASDAQ,E-commerce,1,2021-06-28,293.6499938964844,2021-06-29,292.9700012207031,-0.23156570404048998,0.23156570404048998,West,West
LAC,"Los Angeles Clippers","Phoenix Suns",48,2021,2021-06-30,Wednesday,6,21:00:00,23:30:00,150,L,"Conference Final",L,2021-06-30,1,Underdog,Honey,PYPL,NASDAQ,E-commerce,1,2021-06-30,291.4800109863281,2021-07-01,290.3299865722656,-0.39454657977093394,0.39454657977093394,West,West
LAC,"Los Angeles Clippers","Phoenix Suns",85,2023,2023-04-18,Tuesday,2,22:00:00,00:27:00,147,L,"First Round",L,2023-04-25,0,Underdog,Honey,PYPL,NASDAQ,E-commerce,1,2023-04-18,76.41999816894531,2023-04-19,75.30000305175781,-1.4655785710848535,1.4655785710848535,West,West
LAC,"Los Angeles Clippers","Phoenix Suns",85,2023,2023-04-20,Thursday,3,22:30:00,00:58:00,148,L,"First Round",L,2023-04-25,0,Underdog,Honey,PYPL,NASDAQ,E-commerce,1,2023-04-20,73.58000183105469,2023-04-21,73.4000015258789,-0.2446321020609319,0.2446321020609319,West,West
LAC,"Los Angeles Clippers","Phoenix Suns",85,2023,2023-04-25,Tuesday,5,22:00:00,00:34:00,154,L,"First Round",L,2023-04-25,1,Underdog,Honey,PYPL,NASDAQ,E-commerce,1,2023-04-25,71.77999877929688,2023-04-26,71.20999908447266,-0.7940926504844421,0.7940926504844421,West,West
LAC,"Los Angeles Clippers","Dallas Mavericks",100,2024,2024-04-23,Tuesday,2,22:00:00,00:35:00,155,L,"First Round",L,2024-05-03,0,Underdog,Honey,PYPL,NASDAQ,E-commerce,1,2024-04-23,64.43000030517578,2024-04-24,64.11000061035156,-0.4966625691580395,0.4966625691580395,West,West
LAC,"Los Angeles Clippers","Dallas Mavericks",100,2024,2024-05-01,Wednesday,5,22:00:00,00:16:00,136,W,"First Round",L,2024-05-03,0,Underdog,Honey,PYPL,NASDAQ,E-commerce,1,2024-05-01,66.13999938964844,2024-05-02,66.69999694824219,0.8466851583935684,0.8466851583935684,West,West
LAL,"Los Angeles Lakers","Phoenix Suns",53,2021,2021-05-25,Tuesday,2,22:00:00,00:37:00,157,W,"First Round",L,2021-06-03,0,Favorite,Wish,LOGC,NASDAQ,E-commerce,1,2021-05-25,235.1999969482422,2021-05-26,236.10000610351562,0.3826569587377556,0.3826569587377556,West,West
LAL,"Los Angeles Lakers","Phoenix Suns",53,2021,2021-05-27,Thursday,3,22:00:00,00:35:00,155,L,"First Round",L,2021-06-03,0,Favorite,Wish,LOGC,NASDAQ,E-commerce,1,2021-05-27,250.5,2021-05-28,256.3800048828125,2.3473073384481036,2.3473073384481036,West,West
LAL,"Los Angeles Lakers","Phoenix Suns",53,2021,2021-06-01,Tuesday,5,22:00:00,00:19:00,139,W,"First Round",L,2021-06-03,0,Favorite,Wish,LOGC,NASDAQ,E-commerce,1,2021-06-01,232.1999969482422,2021-06-02,233.39999389648438,0.5167945581453514,0.5167945581453514,West,West
LAL,"Los Angeles Lakers","Phoenix Suns",53,2021,2021-06-03,Thursday,6,22:30:00,00:58:00,148,L,"First Round",L,2021-06-03,1,Favorite,Wish,LOGC,NASDAQ,E-commerce,1,2021-06-03,248.39999389648438,2021-06-04,249.89999389648438,0.6038647491372703,0.6038647491372703,West,West
MEM,"Memphis Grizzlies","Utah Jazz",55,2021,2021-05-26,Wednesday,2,22:00:00,00:33:00,153,L,"First Round",L,2021-06-02,0,Underdog,FedEx,FDX,NYSE,Logistics,0,2021-05-26,289.70550537109375,2021-05-27,291.3462472477608,0.566348186778628,0.566348186778628,West,West
MEM,"Memphis Grizzlies","Utah Jazz",55,2021,2021-06-02,Wednesday,5,21:30:00,23:39:00,129,L,"First Round",L,2021-06-02,1,Underdog,FedEx,FDX,NYSE,Logistics,0,2021-06-02,285.8086242675781,2021-06-03,284.70848201093395,-0.3849226941501272,0.3849226941501272,West,West
MEM,"Memphis Grizzlies","Minnesota Timberwolves",74,2022,2022-04-19,Tuesday,2,20:30:00,22:57:00,147,L,"First Round",W,2022-04-29,0,Favorite,Robinhood,HOOD,NASDAQ,Fintech,0,2022-04-19,11.5600004196167,2022-04-20,11.550000190734863,-0.08650716711797074,0.08650716711797074,West,West
MEM,"Memphis Grizzlies","Minnesota Timberwolves",74,2022,2022-04-21,Thursday,3,19:30:00,22:00:00,150,L,"First Round",W,2022-04-29,0,Favorite,Robinhood,HOOD,NASDAQ,Fintech,0,2022-04-21,10.4399995803833,2022-04-22,10.399999618530273,-0.38314141245931693,0.38314141245931693,West,West
MEM,"Memphis Grizzlies","Minnesota Timberwolves",74,2022,2022-04-26,Tuesday,5,19:30:00,22:15:00,165,W,"First Round",W,2022-04-29,0,Favorite,Robinhood,HOOD,NASDAQ,Fintech,0,2022-04-26,10,2022-04-27,9.595000267028809,-4.049997329711914,4.049997329711914,West,West
MEM,"Memphis Grizzlies","Golden State Warriors",64,2022,2022-05-03,Tuesday,2,21:30:00,00:02:00,152,W,"Conference Semi Final",L,2022-05-13,0,Underdog,Robinhood,HOOD,NASDAQ,Fintech,0,2022-05-03,10.100000381469727,2022-05-04,10.09000015258789,-0.09901216340727237,0.09901216340727237,West,West
MEM,"Memphis Grizzlies","Golden State Warriors",64,2022,2022-05-09,Monday,4,22:00:00,00:21:00,141,W,"Conference Semi Final",L,2022-05-13,0,Underdog,Robinhood,HOOD,NASDAQ,Fintech,0,2022-05-09,9.5,2022-05-10,9.635000228881836,1.4210550408614309,1.4210550408614309,West,West
MEM,"Memphis Grizzlies","Golden State Warriors",64,2022,2022-05-11,Wednesday,5,21:30:00,23:44:00,134,L,"Conference Semi Final",L,2022-05-13,0,Underdog,Robinhood,HOOD,NASDAQ,Fintech,0,2022-05-11,8.149999618530273,2022-05-12,7.9019999504089355,-3.0429408555734483,3.0429408555734483,West,West
MEM,"Memphis Grizzlies","Los Angeles Lakers",83,2023,2023-04-19,Wednesday,2,19:30:00,21:54:00,144,L,"First Round",L,2023-04-28,0,Favorite,Robinhood,HOOD,NASDAQ,Fintech,0,2023-04-19,9.819999694824219,2023-04-20,9.699999809265137,-1.2219947992700022,1.2219947992700022,West,West
MEM,"Memphis Grizzlies","Los Angeles Lakers",83,2023,2023-04-24,Monday,4,22:00:00,00:54:00,174,L,"First Round",L,2023-04-28,0,Favorite,Robinhood,HOOD,NASDAQ,Fintech,0,2023-04-24,9.399999618530273,2023-04-25,9.300000190734863,-1.0638237431231454,1.0638237431231454,West,West
MEM,"Memphis Grizzlies","Los Angeles Lakers",83,2023,2023-04-26,Wednesday,5,19:30:00,21:45:00,135,L,"First Round",L,2023-04-28,0,Favorite,Robinhood,HOOD,NASDAQ,Fintech,0,2023-04-26,8.819999694824219,2023-04-27,8.899999618530273,0.9070286448309121,0.9070286448309121,West,West
MIA,"Miami Heat","Boston Celtics",105,2024,2024-04-24,Wednesday,2,19:00:00,21:19:00,139,W,"First Round",L,2024-05-01,0,Underdog,"Carnival Cruise Line",CCL,NYSE,"Travel & Leisure",0,2024-04-24,15.010000228881836,2024-04-25,15.0600004196167,0.3331125247996617,0.3331125247996617,East,East
MIA,"Miami Heat","Boston Celtics",105,2024,2024-04-29,Monday,4,19:30:00,21:50:00,140,W,"First Round",L,2024-05-01,0,Underdog,"Carnival Cruise Line",CCL,NYSE,"Travel & Leisure",0,2024-04-29,15.130000114440918,2024-04-30,14.949999809265137,-1.1896913669153175,1.1896913669153175,East,East
MIA,"Miami Heat","Boston Celtics",105,2024,2024-05-01,Wednesday,5,19:30:00,21:41:00,131,W,"First Round",L,2024-05-01,1,Underdog,"Carnival Cruise Line",CCL,NYSE,"Travel & Leisure",0,2024-05-01,14.470000267028809,2024-05-02,14.609999656677246,0.9675147689349989,0.9675147689349989,East,East
MIL,"Milwaukee Bucks","Boston Celtics",14,2018,2018-04-17,Tuesday,2,20:00:00,22:16:00,136,L,"First Round",L,2018-04-28,0,Underdog,Harley-Davidson,HOG,NYSE,Automotive,0,2018-04-17,36.00931167602539,2018-04-18,36.163665731162716,0.42865039056020815,0.42865039056020815,East,East
MIL,"Milwaukee Bucks","Boston Celtics",14,2018,2018-04-24,Tuesday,5,19:00:00,21:32:00,152,L,"First Round",L,2018-04-28,0,Underdog,Harley-Davidson,HOG,NYSE,Automotive,0,2018-04-24,36.026458740234375,2018-04-25,36.16365871497256,0.3808311433756401,0.3808311433756401,East,East
MIL,"Milwaukee Bucks","Boston Celtics",14,2018,2018-04-26,Thursday,6,20:00:00,22:20:00,140,W,"First Round",L,2018-04-28,0,Underdog,Harley-Davidson,HOG,NYSE,Automotive,0,2018-04-26,35.863521575927734,2018-04-27,35.649129408079595,-0.5978001000103769,0.5978001000103769,East,East
MIL,"Milwaukee Bucks","Detroit Pistons",30,2019,2019-04-17,Wednesday,2,20:00:00,22:18:00,138,L,"First Round",W,2019-04-22,0,Favorite,Harley-Davidson,HOG,NYSE,Automotive,0,2019-04-17,36.547908782958984,2019-04-18,36.61025789054552,0.17059555433608223,0.17059555433608223,East,East
MIL,"Milwaukee Bucks","Detroit Pistons",30,2019,2019-04-22,Monday,4,20:00:00,22:30:00,150,W,"First Round",W,2019-04-22,1,Favorite,Harley-Davidson,HOG,NYSE,Automotive,0,2019-04-22,35.37238693237305,2019-04-23,35.55050155265833,0.5035414223694177,0.5035414223694177,East,East
MIL,"Milwaukee Bucks","Boston Celtics",22,2019,2019-04-30,Tuesday,2,20:00:00,22:21:00,141,W,"Conference Semi Final",W,2019-05-08,0,Favorite,Harley-Davidson,HOG,NYSE,Automotive,0,2019-04-30,33.15494155883789,2019-05-01,33.199459863788356,0.13427351356195646,0.13427351356195646,East,East
MIL,"Milwaukee Bucks","Boston Celtics",22,2019,2019-05-06,Monday,4,19:00:00,21:22:00,142,W,"Conference Semi Final",W,2019-05-08,0,Favorite,Harley-Davidson,HOG,NYSE,Automotive,0,2019-05-06,32.6295166015625,2019-05-07,32.49593809700012,-0.4093793548752201,0.4093793548752201,East,East
MIL,"Milwaukee Bucks","Boston Celtics",22,2019,2019-05-08,Wednesday,5,20:00:00,22:24:00,144,L,"Conference Semi Final",W,2019-05-08,1,Favorite,Harley-Davidson,HOG,NYSE,Automotive,0,2019-05-08,32.2554931640625,2019-05-09,31.84583590237875,-1.2700387484392006,1.2700387484392006,East,East
MIL,"Milwaukee Bucks","Toronto Raptors",18,2019,2019-05-15,Wednesday,1,20:30:00,22:51:00,141,W,"Conference Final",L,2019-05-25,0,Favorite,Harley-Davidson,HOG,NYSE,Automotive,0,2019-05-15,31.133405685424805,2019-05-16,31.12449622645078,-0.028617039407915358,0.028617039407915358,East,East
MIL,"Milwaukee Bucks","Toronto Raptors",18,2019,2019-05-21,Tuesday,4,20:30:00,22:52:00,142,L,"Conference Final",L,2019-05-25,0,Favorite,Harley-Davidson,HOG,NYSE,Automotive,0,2019-05-21,31.756784439086914,2019-05-22,31.516349578974342,-0.7571133676136291,0.7571133676136291,East,East
MIL,"Milwaukee Bucks","Toronto Raptors",18,2019,2019-05-23,Thursday,5,20:30:00,22:59:00,149,W,"Conference Final",L,2019-05-25,0,Favorite,Harley-Davidson,HOG,NYSE,Automotive,0,2019-05-23,30.510021209716797,2019-05-24,30.812809798807038,0.9924233975747265,0.9924233975747265,East,East
MIL,"Milwaukee Bucks","Orlando Magic",45,2020,2020-08-20,Thursday,2,18:00:00,20:21:00,141,L,"First Round",W,2020-08-29,0,Favorite,Harley-Davidson,HOG,NYSE,Automotive,0,2020-08-20,25.94866371154785,2020-08-21,25.902084965504482,-0.17950344788907469,0.17950344788907469,East,East
MIL,"Milwaukee Bucks","Miami Heat",36,2020,2020-08-31,Monday,1,18:30:00,21:03:00,153,L,"Conference Semi Final",L,2020-09-08,0,Favorite,Harley-Davidson,HOG,NYSE,Automotive,0,2020-08-31,25.818227767944336,2020-09-01,25.464165216691782,-1.3713665958596677,1.3713665958596677,East,East
MIL,"Milwaukee Bucks","Miami Heat",36,2020,2020-09-02,Wednesday,2,18:30:00,21:17:00,167,L,"Conference Semi Final",L,2020-09-08,0,Favorite,Harley-Davidson,HOG,NYSE,Automotive,0,2020-09-02,27.2437686920166,2020-09-03,27.206504103545377,-0.13678206158806513,0.13678206158806513,East,East
MIL,"Milwaukee Bucks","Miami Heat",36,2020,2020-09-08,Tuesday,5,18:30:00,21:02:00,152,W,"Conference Semi Final",L,2020-09-08,1,Favorite,Harley-Davidson,HOG,NYSE,Automotive,0,2020-09-08,26.144330978393555,2020-09-09,26.498641732047805,1.3552106341794052,1.3552106341794052,East,East
MIL,"Milwaukee Bucks","Miami Heat",60,2021,2021-05-24,Monday,2,19:30:00,22:00:00,150,L,"First Round",W,2021-05-29,0,Favorite,Harley-Davidson,HOG,NYSE,Automotive,0,2021-05-24,44.526268005371094,2021-05-25,44.51690709992055,-0.021023332675024438,0.021023332675024438,East,East
MIL,"Milwaukee Bucks","Miami Heat",60,2021,2021-05-27,Thursday,3,19:30:00,21:50:00,140,L,"First Round",W,2021-05-29,0,Favorite,Harley-Davidson,HOG,NYSE,Automotive,0,2021-05-27,45.24760437011719,2021-05-28,45.31318167749699,0.14492989914646978,0.14492989914646978,East,East
MIL,"Milwaukee Bucks","Brooklyn Nets",52,2021,2021-06-07,Monday,2,19:30:00,21:37:00,127,W,"Conference Semi Final",W,2021-06-19,0,Underdog,Harley-Davidson,HOG,NYSE,Automotive,0,2021-06-07,44.18901824951172,2021-06-08,44.41386268661922,0.5088242418917828,0.5088242418917828,East,East
MIL,"Milwaukee Bucks","Brooklyn Nets",52,2021,2021-06-10,Thursday,3,19:30:00,21:55:00,145,W,"Conference Semi Final",W,2021-06-19,0,Underdog,Harley-Davidson,HOG,NYSE,Automotive,0,2021-06-10,43.744937896728516,2021-06-11,43.98927296908335,0.5585447919291915,0.5585447919291915,East,East
MIL,"Milwaukee Bucks","Brooklyn Nets",52,2021,2021-06-15,Tuesday,5,20:30:00,23:01:00,151,L,"Conference Semi Final",W,2021-06-19,0,Underdog,Harley-Davidson,HOG,NYSE,Automotive,0,2021-06-15,44.759857177734375,2021-06-16,44.741062304448924,-0.04199046750935626,0.04199046750935626,East,East
MIL,"Milwaukee Bucks","Brooklyn Nets",52,2021,2021-06-17,Thursday,6,20:30:00,22:51:00,141,L,"Conference Semi Final",W,2021-06-19,0,Underdog,Harley-Davidson,HOG,NYSE,Automotive,0,2021-06-17,41.95002746582031,2021-06-18,41.386184356446016,-1.3440828133752711,1.3440828133752711,East,East
MIL,"Milwaukee Bucks","Atlanta Hawks",47,2021,2021-06-23,Wednesday,1,20:30:00,22:49:00,139,L,"Conference Final",W,2021-07-03,0,Favorite,Harley-Davidson,HOG,NYSE,Automotive,0,2021-06-23,42.86157989501953,2021-06-24,43.47240527629965,1.4251116799152157,1.4251116799152157,East,East
MIL,"Milwaukee Bucks","Atlanta Hawks",47,2021,2021-06-29,Tuesday,4,20:30:00,22:50:00,140,W,"Conference Final",W,2021-07-03,0,Favorite,Harley-Davidson,HOG,NYSE,Automotive,0,2021-06-29,43.35963821411133,2021-06-30,43.12471102215832,-0.5418107752489242,0.5418107752489242,East,East
MIL,"Milwaukee Bucks","Atlanta Hawks",47,2021,2021-07-01,Thursday,5,20:30:00,22:54:00,144,W,"Conference Final",W,2021-07-03,0,Favorite,Harley-Davidson,HOG,NYSE,Automotive,0,2021-07-01,44.15842056274414,2021-07-02,44.24299971090932,0.19153571864056693,0.19153571864056693,East,East
MIL,"Milwaukee Bucks","Phoenix Suns",46,2021,2021-07-06,Tuesday,1,21:00:00,23:17:00,137,L,Final,W,2021-07-20,0,Underdog,Harley-Davidson,HOG,NYSE,Automotive,0,2021-07-06,43.049530029296875,2021-07-07,43.134106302012135,0.19646270855385164,0.19646270855385164,NULL,East
MIL,"Milwaukee Bucks","Phoenix Suns",46,2021,2021-07-08,Thursday,2,21:00:00,23:22:00,142,L,Final,W,2021-07-20,0,Underdog,Harley-Davidson,HOG,NYSE,Automotive,0,2021-07-08,41.64931106567383,2021-07-09,42.156775191231205,1.218421415800114,1.218421415800114,NULL,East
MIL,"Milwaukee Bucks","Phoenix Suns",46,2021,2021-07-14,Wednesday,4,21:00:00,23:24:00,144,W,Final,W,2021-07-20,0,Underdog,Harley-Davidson,HOG,NYSE,Automotive,0,2021-07-14,41.8090705871582,2021-07-15,41.367390842081406,-1.0564208648361122,1.0564208648361122,NULL,East
MIL,"Milwaukee Bucks","Phoenix Suns",46,2021,2021-07-20,Tuesday,6,21:00:00,23:31:00,151,L,Final,W,2021-07-20,1,Underdog,Harley-Davidson,HOG,NYSE,Automotive,0,2021-07-20,41.16065216064453,2021-07-21,41.4425774270727,0.6849387743611327,0.6849387743611327,NULL,East
MIL,"Milwaukee Bucks","Chicago Bulls",75,2022,2022-04-20,Wednesday,2,21:30:00,00:04:00,154,L,"First Round",W,2022-04-27,0,Favorite,Motorola,MSI,NYSE,Telecommunications,0,2022-04-20,229.26268005371094,2022-04-21,230.10435045415574,0.36712054497819446,0.36712054497819446,East,East
MIL,"Milwaukee Bucks","Chicago Bulls",75,2022,2022-04-27,Wednesday,5,19:30:00,21:47:00,137,W,"First Round",W,2022-04-27,1,Favorite,Motorola,MSI,NYSE,Telecommunications,0,2022-04-27,209.10134887695312,2022-04-28,210.91043316188393,0.8651710257476007,0.8651710257476007,East,East
MIL,"Milwaukee Bucks","Boston Celtics",67,2022,2022-05-03,Tuesday,2,19:00:00,21:31:00,151,W,"Conference Semi Final",L,2022-05-15,0,Underdog,Motorola,MSI,NYSE,Telecommunications,0,2022-05-03,208.18226623535156,2022-05-04,208.39512271136263,0.10224524877178222,0.10224524877178222,East,East
MIL,"Milwaukee Bucks","Boston Celtics",67,2022,2022-05-09,Monday,4,19:30:00,22:03:00,153,L,"Conference Semi Final",L,2022-05-15,0,Underdog,Motorola,MSI,NYSE,Telecommunications,0,2022-05-09,195.49920654296875,2022-05-10,197.85010182295312,1.202508860038605,1.202508860038605,East,East
MIL,"Milwaukee Bucks","Boston Celtics",67,2022,2022-05-11,Wednesday,5,19:00:00,21:31:00,151,W,"Conference Semi Final",L,2022-05-15,0,Underdog,Motorola,MSI,NYSE,Telecommunications,0,2022-05-11,195.37342834472656,2022-05-12,194.50275780592312,-0.44564429573666675,0.44564429573666675,East,East
MIL,"Milwaukee Bucks","Miami Heat",90,2023,2023-04-19,Wednesday,2,21:00:00,23:08:00,128,W,"First Round",L,2023-04-26,0,Favorite,Motorola,MSI,NYSE,Telecommunications,0,2023-04-19,283.3453674316406,2023-04-20,282.1978004992319,-0.4050064212486488,0.4050064212486488,East,East
MIL,"Milwaukee Bucks","Miami Heat",90,2023,2023-04-24,Monday,4,19:30:00,22:04:00,154,L,"First Round",L,2023-04-26,0,Favorite,Motorola,MSI,NYSE,Telecommunications,0,2023-04-24,287.78875732421875,2023-04-25,288.0045694149139,0.07498975731424877,0.07498975731424877,East,East
MIL,"Milwaukee Bucks","Miami Heat",90,2023,2023-04-26,Wednesday,5,21:30:00,00:28:00,178,L,"First Round",L,2023-04-26,1,Favorite,Motorola,MSI,NYSE,Telecommunications,0,2023-04-26,282.1879577636719,2023-04-27,283.33556597130405,0.4066822045585939,0.4066822045585939,East,East
MIL,"Milwaukee Bucks","Indiana Pacers",103,2024,2024-04-23,Tuesday,2,20:30:00,22:51:00,141,L,"First Round",L,2024-05-02,0,Underdog,Motorola,MSI,NYSE,Telecommunications,0,2024-04-23,343.08544921875,2024-04-24,342.06277125959747,-0.2980825801506014,0.2980825801506014,East,East
MIL,"Milwaukee Bucks","Indiana Pacers",103,2024,2024-04-30,Tuesday,5,21:30:00,23:55:00,145,L,"First Round",L,2024-05-02,0,Underdog,Motorola,MSI,NYSE,Telecommunications,0,2024-04-30,336.7310791015625,2024-05-01,335.6290354309992,-0.32727708814514506,0.32727708814514506,East,East
MIL,"Milwaukee Bucks","Indiana Pacers",103,2024,2024-05-02,Thursday,6,18:30:00,20:57:00,147,W,"First Round",L,2024-05-02,1,Underdog,Motorola,MSI,NYSE,Telecommunications,0,2024-05-02,333.84185791015625,2024-05-03,349.61852799656583,4.725791482581375,4.725791482581375,East,East
NOP,"New Orleans Pelicans","Oklahoma City Thunder",101,2024,2024-04-24,Wednesday,2,21:30:00,23:48:00,138,W,"First Round",L,2024-04-29,0,Underdog,Ibotta,IBTA,NYSE,Technology,0,2024-04-24,105.13999938964844,2024-04-25,103.33999633789062,-1.7120059560653107,1.7120059560653107,West,West
NOP,"New Orleans Pelicans","Oklahoma City Thunder",101,2024,2024-04-29,Monday,4,20:30:00,22:54:00,144,L,"First Round",L,2024-04-29,1,Underdog,Ibotta,IBTA,NYSE,Technology,0,2024-04-29,106.94000244140625,2024-04-30,104.91000366210938,-1.8982595221176815,1.8982595221176815,West,West
ORL,"Orlando Magic","Toronto Raptors",29,2019,2019-04-16,Tuesday,2,20:00:00,22:18:00,138,W,"First Round",L,2019-04-23,0,Underdog,"Walt Disney World (Disney)",DIS,NYSE,Entertainment,0,2019-04-16,126.76560974121094,2019-04-17,126.67779206406799,-0.06927563187068529,0.06927563187068529,East,East
ORL,"Orlando Magic","Toronto Raptors",29,2019,2019-04-23,Tuesday,5,19:00:00,21:18:00,138,W,"First Round",L,2019-04-23,1,Underdog,"Walt Disney World (Disney)",DIS,NYSE,Entertainment,0,2019-04-23,130.14210510253906,2019-04-24,129.89814567022057,-0.18745619038993935,0.18745619038993935,East,East
ORL,"Orlando Magic","Milwaukee Bucks",45,2020,2020-08-20,Thursday,2,18:00:00,20:21:00,141,W,"First Round",L,2020-08-29,0,Underdog,"Walt Disney World (Disney)",DIS,NYSE,Entertainment,0,2020-08-20,126.55655670166016,2020-08-21,126.16143914310223,-0.31220631222557965,0.31220631222557965,East,East
ORL,"Orlando Magic","Cleveland Cavaliers",104,2024,2024-04-22,Monday,2,19:00:00,21:31:00,151,L,"First Round",L,2024-05-05,0,Underdog,"Walt Disney World (Disney)",DIS,NYSE,Entertainment,0,2024-04-22,110.98393249511719,2024-04-23,111.81638483208685,0.7500656340558942,0.7500656340558942,East,East
ORL,"Orlando Magic","Cleveland Cavaliers",104,2024,2024-04-25,Thursday,3,19:00:00,21:10:00,130,L,"First Round",L,2024-05-05,0,Underdog,"Walt Disney World (Disney)",DIS,NYSE,Entertainment,0,2024-04-25,111.75691986083984,2024-04-26,110.84518586143516,-0.8158188329993198,0.8158188329993198,East,East
ORL,"Orlando Magic","Cleveland Cavaliers",104,2024,2024-04-30,Tuesday,5,20:00:00,22:31:00,151,L,"First Round",L,2024-05-05,0,Underdog,"Walt Disney World (Disney)",DIS,NYSE,Entertainment,0,2024-04-30,110.10192108154297,2024-05-01,110.29022397385927,0.1710259825319863,0.1710259825319863,East,East
PHO,"Phoenix Suns","Los Angeles Lakers",53,2021,2021-05-25,Tuesday,2,22:00:00,00:37:00,157,L,"First Round",W,2021-06-03,0,Underdog,PayPal,PYPL,NASDAQ,Fintech,0,2021-05-25,258.6499938964844,2021-05-26,259.7799987792969,0.43688571795008235,0.43688571795008235,West,West
PHO,"Phoenix Suns","Los Angeles Lakers",53,2021,2021-05-27,Thursday,3,22:00:00,00:35:00,155,W,"First Round",W,2021-06-03,0,Underdog,PayPal,PYPL,NASDAQ,Fintech,0,2021-05-27,259.4700012207031,2021-05-28,261.07000732421875,0.6166439650010532,0.6166439650010532,West,West
PHO,"Phoenix Suns","Los Angeles Lakers",53,2021,2021-06-01,Tuesday,5,22:00:00,00:19:00,139,L,"First Round",W,2021-06-03,0,Underdog,PayPal,PYPL,NASDAQ,Fintech,0,2021-06-01,259.2699890136719,2021-06-02,260.4800109863281,0.4667034458016053,0.4667034458016053,West,West
PHO,"Phoenix Suns","Los Angeles Lakers",53,2021,2021-06-03,Thursday,6,22:30:00,00:58:00,148,W,"First Round",W,2021-06-03,1,Underdog,PayPal,PYPL,NASDAQ,Fintech,0,2021-06-03,257.7900085449219,2021-06-04,259.5140075683594,0.668760993945613,0.668760993945613,West,West
PHO,"Phoenix Suns","Denver Nuggets",50,2021,2021-06-07,Monday,1,22:00:00,00:06:00,126,W,"Conference Semi Final",W,2021-06-13,0,Favorite,PayPal,PYPL,NASDAQ,Fintech,0,2021-06-07,260.6000061035156,2021-06-08,261.5740051269531,0.3737524944840592,0.3737524944840592,West,West
PHO,"Phoenix Suns","Denver Nuggets",50,2021,2021-06-09,Wednesday,2,21:30:00,23:45:00,135,L,"Conference Semi Final",W,2021-06-13,0,Favorite,PayPal,PYPL,NASDAQ,Fintech,0,2021-06-09,263.6000061035156,2021-06-10,263.07000732421875,-0.20106174773332317,0.20106174773332317,West,West
PHO,"Phoenix Suns","Los Angeles Clippers",48,2021,2021-06-22,Tuesday,2,21:00:00,23:48:00,168,W,"Conference Final",W,2021-06-30,0,Favorite,PayPal,PYPL,NASDAQ,Fintech,0,2021-06-22,286.75,2021-06-23,285.94000244140625,-0.28247517300566694,0.28247517300566694,West,West
PHO,"Phoenix Suns","Los Angeles Clippers",48,2021,2021-06-24,Thursday,3,21:00:00,23:19:00,139,W,"Conference Final",W,2021-06-30,0,Favorite,PayPal,PYPL,NASDAQ,Fintech,0,2021-06-24,293.2099914550781,2021-06-25,292.6000061035156,-0.20803702784321867,0.20803702784321867,West,West
PHO,"Phoenix Suns","Los Angeles Clippers",48,2021,2021-06-28,Monday,5,21:00:00,23:21:00,141,L,"Conference Final",W,2021-06-30,0,Favorite,PayPal,PYPL,NASDAQ,Fintech,0,2021-06-28,293.6499938964844,2021-06-29,292.9700012207031,-0.23156570404048998,0.23156570404048998,West,West
PHO,"Phoenix Suns","Los Angeles Clippers",48,2021,2021-06-30,Wednesday,6,21:00:00,23:30:00,150,W,"Conference Final",W,2021-06-30,1,Favorite,PayPal,PYPL,NASDAQ,Fintech,0,2021-06-30,291.4800109863281,2021-07-01,290.3299865722656,-0.39454657977093394,0.39454657977093394,West,West
PHO,"Phoenix Suns","Milwaukee Bucks",46,2021,2021-07-06,Tuesday,1,21:00:00,23:17:00,137,W,Final,L,2021-07-20,0,Favorite,PayPal,PYPL,NASDAQ,Fintech,0,2021-07-06,292.6400146484375,2021-07-07,294.8999938964844,0.7722728044426517,0.7722728044426517,NULL,West
PHO,"Phoenix Suns","Milwaukee Bucks",46,2021,2021-07-08,Thursday,2,21:00:00,23:22:00,142,W,Final,L,2021-07-20,0,Favorite,PayPal,PYPL,NASDAQ,Fintech,0,2021-07-08,295.04998779296875,2021-07-09,296.4100036621094,0.46094422145678027,0.46094422145678027,NULL,West
PHO,"Phoenix Suns","Milwaukee Bucks",46,2021,2021-07-14,Wednesday,4,21:00:00,23:24:00,144,L,Final,L,2021-07-20,0,Favorite,PayPal,PYPL,NASDAQ,Fintech,0,2021-07-14,300.75,2021-07-15,300.8599853515625,0.036570357959268496,0.036570357959268496,NULL,West
PHO,"Phoenix Suns","Milwaukee Bucks",46,2021,2021-07-20,Tuesday,6,21:00:00,23:31:00,151,W,Final,L,2021-07-20,1,Favorite,PayPal,PYPL,NASDAQ,Fintech,0,2021-07-20,298.07000732421875,2021-07-21,296.489990234375,-0.5300825480656707,0.5300825480656707,NULL,West
PHO,"Phoenix Suns","New Orleans Pelicans",69,2022,2022-04-19,Tuesday,2,22:00:00,00:17:00,137,L,"First Round",W,2022-04-28,0,Favorite,PayPal,PYPL,NASDAQ,Fintech,0,2022-04-19,103.66000366210938,2022-04-20,101.94999694824219,-1.6496301885548192,1.6496301885548192,West,West
PHO,"Phoenix Suns","New Orleans Pelicans",69,2022,2022-04-26,Tuesday,5,22:00:00,00:25:00,145,L,"First Round",W,2022-04-28,0,Favorite,PayPal,PYPL,NASDAQ,Fintech,0,2022-04-26,83.69999694824219,2022-04-27,83.56999969482422,-0.15531333113232434,0.15531333113232434,West,West
PHO,"Phoenix Suns","New Orleans Pelicans",69,2022,2022-04-28,Thursday,6,19:30:00,21:53:00,143,W,"First Round",W,2022-04-28,1,Favorite,PayPal,PYPL,NASDAQ,Fintech,0,2022-04-28,92.08999633789062,2022-04-29,91,-1.1836207853579246,1.1836207853579246,West,West
PHO,"Phoenix Suns","Dallas Mavericks",65,2022,2022-05-02,Monday,1,22:00:00,00:24:00,144,W,"Conference Semi Final",L,2022-05-15,0,Favorite,PayPal,PYPL,NASDAQ,Fintech,0,2022-05-02,91.52999877929688,2022-05-03,91.4800033569336,-0.05462189777127986,0.05462189777127986,West,West
PHO,"Phoenix Suns","Dallas Mavericks",65,2022,2022-05-04,Wednesday,2,22:00:00,00:24:00,144,W,"Conference Semi Final",L,2022-05-15,0,Favorite,PayPal,PYPL,NASDAQ,Fintech,0,2022-05-04,92.72000122070312,2022-05-05,90.7300033569336,-2.1462444322371206,2.1462444322371206,West,West
PHO,"Phoenix Suns","Dallas Mavericks",65,2022,2022-05-10,Tuesday,5,22:00:00,00:19:00,139,L,"Conference Semi Final",L,2022-05-15,0,Favorite,PayPal,PYPL,NASDAQ,Fintech,0,2022-05-10,78.75,2022-05-11,77.75,-1.2698412698412698,1.2698412698412698,West,West
PHO,"Phoenix Suns","Dallas Mavericks",65,2022,2022-05-12,Thursday,6,21:30:00,23:53:00,143,W,"Conference Semi Final",L,2022-05-15,0,Favorite,PayPal,PYPL,NASDAQ,Fintech,0,2022-05-12,74.29000091552734,2022-05-13,76.37000274658203,2.7998409010921774,2.7998409010921774,West,West
PHO,"Phoenix Suns","Los Angeles Clippers",85,2023,2023-04-18,Tuesday,2,22:00:00,00:27:00,147,W,"First Round",W,2023-04-25,0,Favorite,PayPal,PYPL,NASDAQ,Fintech,0,2023-04-18,76.41999816894531,2023-04-19,75.30000305175781,-1.4655785710848535,1.4655785710848535,West,West
PHO,"Phoenix Suns","Los Angeles Clippers",85,2023,2023-04-20,Thursday,3,22:30:00,00:58:00,148,W,"First Round",W,2023-04-25,0,Favorite,PayPal,PYPL,NASDAQ,Fintech,0,2023-04-20,73.58000183105469,2023-04-21,73.4000015258789,-0.2446321020609319,0.2446321020609319,West,West
PHO,"Phoenix Suns","Los Angeles Clippers",85,2023,2023-04-25,Tuesday,5,22:00:00,00:34:00,154,W,"First Round",W,2023-04-25,1,Favorite,PayPal,PYPL,NASDAQ,Fintech,0,2023-04-25,71.77999877929688,2023-04-26,71.20999908447266,-0.7940926504844421,0.7940926504844421,West,West
PHO,"Phoenix Suns","Denver Nuggets",80,2023,2023-05-01,Monday,2,22:00:00,00:17:00,137,L,"Conference Semi Final",L,2023-05-11,0,Favorite,PayPal,PYPL,NASDAQ,Fintech,0,2023-05-01,75.11000061035156,2023-05-02,74.81999969482422,-0.38610160187826736,0.38610160187826736,West,West
PHO,"Phoenix Suns","Denver Nuggets",80,2023,2023-05-09,Tuesday,5,22:00:00,00:23:00,143,L,"Conference Semi Final",L,2023-05-11,0,Favorite,PayPal,PYPL,NASDAQ,Fintech,0,2023-05-09,65.90499877929688,2023-05-10,66.5,0.9028165263998704,0.9028165263998704,West,West
PHO,"Phoenix Suns","Denver Nuggets",80,2023,2023-05-11,Thursday,6,22:00:00,00:20:00,140,L,"Conference Semi Final",L,2023-05-11,1,Favorite,PayPal,PYPL,NASDAQ,Fintech,0,2023-05-11,64.18000030517578,2023-05-12,64.0999984741211,-0.12465227590258483,0.12465227590258483,West,West
PHO,"Phoenix Suns","Minnesota Timberwolves",99,2024,2024-04-23,Tuesday,2,19:30:00,22:02:00,152,W,"First Round",L,2024-04-28,0,Favorite,PayPal,PYPL,NASDAQ,Fintech,0,2024-04-23,64.43000030517578,2024-04-24,64.11000061035156,-0.4966625691580395,0.4966625691580395,West,West
SAS,"San Antonio Spurs","Golden State Warriors",10,2018,2018-04-16,Monday,2,22:30:00,01:00:00,150,L,"First Round",L,2018-04-24,0,Underdog,"Frost Bank",CFR,NYSE,Banking,0,2018-04-16,86.31966400146484,2018-04-17,86.79450938790794,0.5501010597481412,0.5501010597481412,West,West
SAS,"San Antonio Spurs","Golden State Warriors",10,2018,2018-04-19,Thursday,3,21:30:00,23:44:00,134,W,"First Round",L,2018-04-24,0,Underdog,"Frost Bank",CFR,NYSE,Banking,0,2018-04-19,87.44133758544922,2018-04-20,87.38403060582888,-0.065537629229807,0.065537629229807,West,West
SAS,"San Antonio Spurs","Golden State Warriors",10,2018,2018-04-24,Tuesday,5,22:30:00,00:55:00,145,L,"First Round",L,2018-04-24,1,Underdog,"Frost Bank",CFR,NYSE,Banking,0,2018-04-24,89.59461212158203,2018-04-25,89.3653796590436,-0.2558551871705856,0.2558551871705856,West,West
SAS,"San Antonio Spurs","Denver Nuggets",25,2019,2019-04-16,Tuesday,2,21:00:00,23:16:00,136,L,"First Round",L,2019-04-27,0,Underdog,"Frost Bank",CFR,NYSE,Banking,0,2019-04-16,87.3758544921875,2019-04-17,87.72844355291967,0.4035314593274704,0.4035314593274704,West,West
SAS,"San Antonio Spurs","Denver Nuggets",25,2019,2019-04-23,Tuesday,5,21:30:00,23:40:00,130,W,"First Round",L,2019-04-27,0,Underdog,"Frost Bank",CFR,NYSE,Banking,0,2019-04-23,86.97289276123047,2019-04-24,86.72943050471635,-0.27992889368703194,0.27992889368703194,West,West
SAS,"San Antonio Spurs","Denver Nuggets",25,2019,2019-04-25,Thursday,6,20:00:00,22:17:00,137,W,"First Round",L,2019-04-27,0,Underdog,"Frost Bank",CFR,NYSE,Banking,0,2019-04-25,82.56546783447266,2019-04-26,82.10373823377424,-0.559228467794908,0.559228467794908,West,West
TOR,"Toronto Raptors","Washington Wizards",15,2018,2018-04-17,Tuesday,2,19:00:00,21:27:00,147,W,"First Round",W,2018-04-27,0,Favorite,"Sun Life",SLF,TSX,Insurance,0,2018-04-17,31.881826400756836,2018-04-18,31.97606765003163,0.2955955160478437,0.2955955160478437,East,East
TOR,"Toronto Raptors","Washington Wizards",15,2018,2018-04-25,Wednesday,5,19:00:00,21:23:00,143,L,"First Round",W,2018-04-27,0,Favorite,"Sun Life",SLF,TSX,Insurance,0,2018-04-25,32.0703010559082,2018-04-26,32.266613359489995,0.6121311528680695,0.6121311528680695,East,East
TOR,"Toronto Raptors","Cleveland Cavaliers",4,2018,2018-05-01,Tuesday,1,20:00:00,22:53:00,173,L,"Conference Semi Final",L,2018-05-07,0,Favorite,"Sun Life",SLF,TSX,Insurance,0,2018-05-01,32.502197265625,2018-05-02,32.431517137468624,-0.21746261515410947,0.21746261515410947,East,East
TOR,"Toronto Raptors","Cleveland Cavaliers",4,2018,2018-05-03,Thursday,2,18:00:00,20:19:00,139,L,"Conference Semi Final",L,2018-05-07,0,Favorite,"Sun Life",SLF,TSX,Insurance,0,2018-05-03,31.88968849182129,2018-05-04,31.709079896123832,-0.5663542174260419,0.5663542174260419,East,East
TOR,"Toronto Raptors","Cleveland Cavaliers",4,2018,2018-05-07,Monday,4,20:30:00,22:57:00,147,W,"Conference Semi Final",L,2018-05-07,1,Favorite,"Sun Life",SLF,TSX,Insurance,0,2018-05-07,32.18809127807617,2018-05-08,32.14881948859396,-0.12200720180311764,0.12200720180311764,East,East
TOR,"Toronto Raptors","Orlando Magic",29,2019,2019-04-16,Tuesday,2,20:00:00,22:18:00,138,L,"First Round",W,2019-04-23,0,Favorite,"Sun Life",SLF,TSX,Insurance,0,2019-04-16,33.282588958740234,2019-04-17,33.4375404505957,0.46556321699478914,0.46556321699478914,East,East
TOR,"Toronto Raptors","Orlando Magic",29,2019,2019-04-23,Tuesday,5,19:00:00,21:18:00,138,L,"First Round",W,2019-04-23,1,Favorite,"Sun Life",SLF,TSX,Insurance,0,2019-04-23,33.59249496459961,2019-04-24,33.52725188698347,-0.19421920784655167,0.19421920784655167,East,East
TOR,"Toronto Raptors","Philadelphia 76ers",21,2019,2019-04-29,Monday,2,20:00:00,22:26:00,146,L,"Conference Semi Final",W,2019-05-12,0,Favorite,"Sun Life",SLF,TSX,Insurance,0,2019-04-29,33.706668853759766,2019-04-30,33.739289853296484,0.09677906671302307,0.09677906671302307,East,East
TOR,"Toronto Raptors","Philadelphia 76ers",21,2019,2019-05-02,Thursday,3,20:00:00,22:23:00,143,W,"Conference Semi Final",W,2019-05-12,0,Favorite,"Sun Life",SLF,TSX,Insurance,0,2019-05-02,33.706668853759766,2019-05-03,33.886088245996795,0.5322964218607934,0.5322964218607934,East,East
TOR,"Toronto Raptors","Philadelphia 76ers",21,2019,2019-05-07,Tuesday,5,20:00:00,22:21:00,141,L,"Conference Semi Final",W,2019-05-12,0,Favorite,"Sun Life",SLF,TSX,Insurance,0,2019-05-07,33.225502014160156,2019-05-08,33.16840257318082,-0.1718542610883679,0.1718542610883679,East,East
TOR,"Toronto Raptors","Philadelphia 76ers",21,2019,2019-05-09,Thursday,6,20:00:00,22:26:00,146,L,"Conference Semi Final",W,2019-05-12,0,Favorite,"Sun Life",SLF,TSX,Insurance,0,2019-05-09,32.662776947021484,2019-05-10,32.58121401752982,-0.24971217120932904,0.24971217120932904,East,East
TOR,"Toronto Raptors","Milwaukee Bucks",18,2019,2019-05-15,Wednesday,1,20:30:00,22:51:00,141,L,"Conference Final",W,2019-05-25,0,Underdog,"Sun Life",SLF,TSX,Insurance,0,2019-05-15,32.3773307800293,2019-05-16,32.418103095136594,0.12592858683843697,0.12592858683843697,East,East
TOR,"Toronto Raptors","Milwaukee Bucks",18,2019,2019-05-21,Tuesday,4,20:30:00,22:52:00,142,W,"Conference Final",W,2019-05-25,0,Underdog,"Sun Life",SLF,TSX,Insurance,0,2019-05-21,32.907432556152344,2019-05-22,32.76879494084092,-0.4212957515748356,0.4212957515748356,East,East
TOR,"Toronto Raptors","Milwaukee Bucks",18,2019,2019-05-23,Thursday,5,20:30:00,22:59:00,149,L,"Conference Final",W,2019-05-25,0,Underdog,"Sun Life",SLF,TSX,Insurance,0,2019-05-23,32.18974304199219,2019-05-24,32.36100597778288,0.532041947546078,0.532041947546078,East,East
TOR,"Toronto Raptors","Golden State Warriors",16,2019,2019-05-30,Thursday,1,21:00:00,23:25:00,145,W,Final,W,2019-06-13,0,Underdog,"Sun Life",SLF,TSX,Insurance,0,2019-05-30,32.33383560180664,2019-05-31,31.9302796430763,-1.2480918246141879,1.2480918246141879,NULL,East
TOR,"Toronto Raptors","Golden State Warriors",16,2019,2019-06-05,Wednesday,3,21:00:00,23:27:00,147,W,Final,W,2019-06-13,0,Underdog,"Sun Life",SLF,TSX,Insurance,0,2019-06-05,32.87739944458008,2019-06-06,32.959759618350134,0.2505069596787496,0.2505069596787496,NULL,East
TOR,"Toronto Raptors","Golden State Warriors",16,2019,2019-06-10,Monday,5,21:00:00,23:26:00,146,L,Final,W,2019-06-13,0,Underdog,"Sun Life",SLF,TSX,Insurance,0,2019-06-10,33.165653228759766,2019-06-11,33.437431477804274,0.8194569459251144,0.8194569459251144,NULL,East
TOR,"Toronto Raptors","Golden State Warriors",16,2019,2019-06-13,Thursday,6,21:00:00,23:37:00,157,W,Final,W,2019-06-13,1,Underdog,"Sun Life",SLF,TSX,Insurance,0,2019-06-13,32.26795196533203,2019-06-14,32.22677765559546,-0.12760124900646133,0.12760124900646133,NULL,East
TOR,"Toronto Raptors","Boston Celtics",37,2020,2020-09-01,Tuesday,2,17:30:00,19:56:00,146,W,"Conference Semi Final",L,2020-09-11,0,Favorite,"Sun Life",SLF,TSX,Insurance,0,2020-09-01,35.92109680175781,2020-09-02,35.99808203165806,0.21431759259777902,0.21431759259777902,East,East
TOR,"Toronto Raptors","Boston Celtics",37,2020,2020-09-03,Thursday,3,18:30:00,20:54:00,144,W,"Conference Semi Final",L,2020-09-11,0,Favorite,"Sun Life",SLF,TSX,Insurance,0,2020-09-03,35.638858795166016,2020-09-04,36.03227432013319,1.1038948447488919,1.1038948447488919,East,East
TOR,"Toronto Raptors","Boston Celtics",37,2020,2020-09-09,Wednesday,6,18:30:00,21:31:00,181,W,"Conference Semi Final",L,2020-09-11,0,Favorite,"Sun Life",SLF,TSX,Insurance,0,2020-09-09,35.92964553833008,2020-09-10,36.09215042998617,0.45228637583615927,0.45228637583615927,East,East
TOR,"Toronto Raptors","Philadelphia 76ers",70,2022,2022-04-18,Monday,2,19:30:00,21:53:00,143,W,"First Round",L,2022-04-28,0,Underdog,"Sun Life",SLF,TSX,Insurance,0,2022-04-18,49.03783416748047,2022-04-19,49.11909956248211,0.1657197883660516,0.1657197883660516,East,East
TOR,"Toronto Raptors","Philadelphia 76ers",70,2022,2022-04-20,Wednesday,3,20:00:00,22:37:00,157,L,"First Round",L,2022-04-28,0,Underdog,"Sun Life",SLF,TSX,Insurance,0,2022-04-20,49.31773376464844,2022-04-21,49.5525032145057,0.4760345456618415,0.4760345456618415,East,East
TOR,"Toronto Raptors","Philadelphia 76ers",70,2022,2022-04-25,Monday,5,20:00:00,22:13:00,133,L,"First Round",L,2022-04-28,0,Underdog,"Sun Life",SLF,TSX,Insurance,0,2022-04-25,46.89790725708008,2022-04-26,46.175568594244986,-1.5402364520775975,1.5402364520775975,East,East
TOR,"Toronto Raptors","Philadelphia 76ers",70,2022,2022-04-28,Thursday,6,19:00:00,21:27:00,147,W,"First Round",L,2022-04-28,1,Underdog,"Sun Life",SLF,TSX,Insurance,0,2022-04-28,45.66992950439453,2022-04-29,45.597699074289906,-0.15815752484941928,0.15815752484941928,East,East
WAS,"Washington Wizards","Toronto Raptors",15,2018,2018-04-17,Tuesday,2,19:00:00,21:27:00,147,L,"First Round",L,2018-04-27,0,Underdog,Geico,BRK-A,NYSE,Insurance,1,2018-04-17,298701,2018-04-18,300170,0.49179614397005705,0.49179614397005705,East,East
WAS,"Washington Wizards","Toronto Raptors",15,2018,2018-04-25,Wednesday,5,19:00:00,21:23:00,143,W,"First Round",L,2018-04-27,0,Underdog,Geico,BRK-A,NYSE,Insurance,1,2018-04-25,295279,2018-04-26,296750,0.49817291443008144,0.49817291443008144,East,East
WAS,"Washington Wizards","Philadelphia 76ers",56,2021,2021-05-26,Wednesday,2,19:00:00,21:21:00,141,W,"First Round",L,2021-06-02,0,Underdog,Geico,BRK-A,NYSE,Insurance,1,2021-05-26,432800,2021-05-27,433250,0.10397412199630314,0.10397412199630314,East,East
WAS,"Washington Wizards","Philadelphia 76ers",56,2021,2021-06-02,Wednesday,5,19:00:00,21:34:00,154,L,"First Round",L,2021-06-02,1,Underdog,Geico,BRK-A,NYSE,Insurance,1,2021-06-02,435639,2021-06-03,433050,-0.5942994084551658,0.5942994084551658,East,East
